owner,name,stars,forks,language,release_count,contributors,median_release_interval,release_type,reason
massgravel,Microsoft-Activation-Scripts,156094,15068,Batchfile,27,700,54,SLOW,54 dias (mediana) entre releases
Genymobile,scrcpy,131088,12276,C,49,15600,62.0,SLOW,62.0 dias (mediana) entre releases
neovim,neovim,94249,6414,Vim Script,47,134400,62,SLOW,62 dias (mediana) entre releases
gin-gonic,gin,86983,8488,Go,28,49300,119,SLOW,119 dias (mediana) entre releases
bitcoin,bitcoin,86799,38204,C++,60,126800,64,SLOW,64 dias (mediana) entre releases
opencv,opencv,84895,56378,C++,66,234300,84,SLOW,84 dias (mediana) entre releases
animate-css,animate.css,82446,16150,CSS,22,13000,73.5,SLOW,73.5 dias (mediana) entre releases
tesseract-ocr,tesseract,70891,10385,C++,34,22500,100,SLOW,100 dias (mediana) entre releases
hakimel,reveal.js,69837,16780,JavaScript,49,35900,83,SLOW,83 dias (mediana) entre releases
danielmiessler,SecLists,66923,24773,PHP,29,34900,96.0,SLOW,96.0 dias (mediana) entre releases
scikit-learn,scikit-learn,64029,26437,Python,48,343900,61.0,SLOW,61.0 dias (mediana) entre releases
scrapy,scrapy,58946,11147,Python,43,68700,68,SLOW,68 dias (mediana) entre releases
h5bp,html5-boilerplate,57267,12312,JavaScript,34,31100,76,SLOW,76 dias (mediana) entre releases
jgthms,bulma,49987,3934,CSS,22,42900,112.5,SLOW,112.5 dias (mediana) entre releases
skylot,jadx,46140,5330,Java,32,14600,89,SLOW,89 dias (mediana) entre releases
acmesh-official,acme.sh,44551,5404,Shell,45,66200,67.0,SLOW,67.0 dias (mediana) entre releases
Leaflet,Leaflet,43941,6038,JavaScript,34,101300,53,SLOW,53 dias (mediana) entre releases
coreybutler,nvm-windows,43659,3666,Go,23,8800,74.5,SLOW,74.5 dias (mediana) entre releases
spf13,cobra,42409,3024,Go,26,31900,127.0,SLOW,127.0 dias (mediana) entre releases
ziglang,zig,42306,3111,Zig,21,132200,172,SLOW,172 dias (mediana) entre releases
tmux,tmux,39645,2309,C,37,3900,164.0,SLOW,164.0 dias (mediana) entre releases
koalaman,shellcheck,38429,1883,Haskell,30,16800,138,SLOW,138 dias (mediana) entre releases
google,leveldb,38335,8079,C++,21,7200,67.5,SLOW,67.5 dias (mediana) entre releases
facebookresearch,faiss,37968,4110,C++,21,25600,112.5,SLOW,112.5 dias (mediana) entre releases
httpie,cli,37015,3781,Python,47,17200,61,SLOW,61 dias (mediana) entre releases
huiyadanli,RevokeMsgPatcher,35560,3826,C#,21,500,62.5,SLOW,62.5 dias (mediana) entre releases
microsoft,qlib,33725,5211,Python,23,14400,51,SLOW,51 dias (mediana) entre releases
zxing,zxing,33695,9428,Java,32,17900,111.0,SLOW,111.0 dias (mediana) entre releases
beego,beego,32336,5628,Go,42,52600,51,SLOW,51 dias (mediana) entre releases
binarywang,WxJava,32156,8999,Java,30,54500,89,SLOW,89 dias (mediana) entre releases
parallax,jsPDF,30786,4775,JavaScript,37,22000,52,SLOW,52 dias (mediana) entre releases
restic,restic,30786,1673,Go,49,45300,55.0,SLOW,55.0 dias (mediana) entre releases
nicolargo,glances,30553,1639,Python,54,21000,56,SLOW,56 dias (mediana) entre releases
apolloconfig,apollo,29702,10224,Java,41,20100,51.5,SLOW,51.5 dias (mediana) entre releases
encode,django-rest-framework,29664,7036,Python,21,145900,86.5,SLOW,86.5 dias (mediana) entre releases
spf13,viper,29559,2085,Go,35,19000,72,SLOW,72 dias (mediana) entre releases
xuxueli,xxl-job,29550,11371,Java,39,10700,54.5,SLOW,54.5 dias (mediana) entre releases
alibaba,canal,29465,7672,Java,32,24500,108,SLOW,108 dias (mediana) entre releases
raysan5,raylib,29274,2773,C,24,83600,163,SLOW,163 dias (mediana) entre releases
alibaba,spring-cloud-alibaba,28867,8498,Java,50,21200,69,SLOW,69 dias (mediana) entre releases
ChartsOrg,Charts,27968,6047,Swift,38,19000,71.0,SLOW,71.0 dias (mediana) entre releases
gabime,spdlog,27639,4956,C++,44,44100,63.5,SLOW,63.5 dias (mediana) entre releases
sharkdp,hyperfine,26704,429,Rust,25,11600,73.5,SLOW,73.5 dias (mediana) entre releases
cmderdev,cmder,26644,2079,PowerShell,34,15700,103.5,SLOW,103.5 dias (mediana) entre releases
nsqio,nsq,25801,2909,Go,31,14200,64,SLOW,64 dias (mediana) entre releases
Modernizr,Modernizr,25667,2963,JavaScript,27,33400,53.5,SLOW,53.5 dias (mediana) entre releases
stretchr,testify,25421,1680,Go,25,31300,112,SLOW,112 dias (mediana) entre releases
google,flatbuffers,25030,3426,C++,43,72400,55.0,SLOW,55.0 dias (mediana) entre releases
goldfire,howler.js,24985,2272,JavaScript,25,11100,83,SLOW,83 dias (mediana) entre releases
hashcat,hashcat,24724,3298,C,28,21300,51,SLOW,51 dias (mediana) entre releases
typesense,typesense,24687,829,C++,34,5200,71,SLOW,71 dias (mediana) entre releases
apache,skywalking,24587,6627,Java,63,51300,53.5,SLOW,53.5 dias (mediana) entre releases
go-delve,delve,24378,2195,Go,37,26100,66.0,SLOW,66.0 dias (mediana) entre releases
cookiecutter,cookiecutter,24310,2167,Python,29,33000,85,SLOW,85 dias (mediana) entre releases
heartcombo,devise,24287,5528,Ruby,21,71000,134.0,SLOW,134.0 dias (mediana) entre releases
usablica,intro.js,23717,2576,TypeScript,41,12100,67,SLOW,67 dias (mediana) entre releases
iBotPeaches,Apktool,23333,3847,Java,27,12400,109.5,SLOW,109.5 dias (mediana) entre releases
alibaba,Sentinel,22986,8147,Java,26,19800,77,SLOW,77 dias (mediana) entre releases
chalk,chalk,22810,893,JavaScript,32,6500,101.0,SLOW,101.0 dias (mediana) entre releases
js-cookie,js-cookie,22741,2076,JavaScript,36,6200,66,SLOW,66 dias (mediana) entre releases
MagicMirrorOrg,MagicMirror,22686,4464,JavaScript,49,35900,91.0,SLOW,91.0 dias (mediana) entre releases
Tencent,ncnn,22266,4350,C++,47,34800,63.0,SLOW,63.0 dias (mediana) entre releases
apache,rocketmq,22211,11972,Java,22,68500,72.5,SLOW,72.5 dias (mediana) entre releases
uutils,coreutils,22175,1641,Rust,34,74500,54.5,SLOW,54.5 dias (mediana) entre releases
necolas,react-native-web,22056,1831,JavaScript,25,21200,94.0,SLOW,94.0 dias (mediana) entre releases
AlDanial,cloc,22020,1084,Perl,23,13600,174.0,SLOW,174.0 dias (mediana) entre releases
iovisor,bcc,21940,4017,C,27,70200,71,SLOW,71 dias (mediana) entre releases
pugjs,pug,21837,1948,JavaScript,25,25100,397.5,SLOW,397.5 dias (mediana) entre releases
Seldaek,monolog,21356,1904,PHP,74,55700,54,SLOW,54 dias (mediana) entre releases
HandBrake,HandBrake,21343,1533,C,51,15000,51.5,SLOW,51.5 dias (mediana) entre releases
micropython,micropython,21094,8532,C,24,70500,123,SLOW,123 dias (mediana) entre releases
pqrs-org,Karabiner-Elements,20970,882,C++,45,5100,51.0,SLOW,51.0 dias (mediana) entre releases
jarun,nnn,20839,785,C,42,21200,56.5,SLOW,56.5 dias (mediana) entre releases
apache,mxnet,20832,6752,C++,34,98600,64,SLOW,64 dias (mediana) entre releases
mybatis,mybatis-3,20286,12959,Java,46,28300,108,SLOW,108 dias (mediana) entre releases
ReactiveX,RxAndroid,20187,2952,Java,20,8000,69,SLOW,69 dias (mediana) entre releases
getsops,sops,19939,981,Go,32,18900,60,SLOW,60 dias (mediana) entre releases
qax-os,excelize,19923,1851,Go,25,28800,116.0,SLOW,116.0 dias (mediana) entre releases
onnx,onnx,19876,3827,Python,34,36500,76.5,SLOW,76.5 dias (mediana) entre releases
facebook,prophet,19783,4642,Python,23,18800,143.0,SLOW,143.0 dias (mediana) entre releases
ahmetb,kubectx,19198,1342,Go,21,6400,82.5,SLOW,82.5 dias (mediana) entre releases
antlr,antlr4,18508,3410,Java,31,42100,106,SLOW,106 dias (mediana) entre releases
facebook,yoga,18424,1504,C++,33,31700,52,SLOW,52 dias (mediana) entre releases
Orange-OpenSource,hurl,18109,694,Rust,28,8700,53,SLOW,53 dias (mediana) entre releases
tj,git-extras,17861,1221,Shell,25,28700,181.0,SLOW,181.0 dias (mediana) entre releases
microsoft,LightGBM,17839,3963,C++,34,33400,61,SLOW,61 dias (mediana) entre releases
reduxjs,redux-thunk,17739,1029,TypeScript,20,5400,75,SLOW,75 dias (mediana) entre releases
RPCS3,rpcs3,17685,2137,C++,40,36600,62,SLOW,62 dias (mediana) entre releases
aframevr,aframe,17388,4249,JavaScript,32,44500,63,SLOW,63 dias (mediana) entre releases
apache,brpc,17371,4072,C++,24,28200,92,SLOW,92 dias (mediana) entre releases
pytorch,vision,17313,7176,Python,51,66400,63.0,SLOW,63.0 dias (mediana) entre releases
baomidou,mybatis-plus,17193,4425,Java,38,24700,65.0,SLOW,65.0 dias (mediana) entre releases
OpenEmu,OpenEmu,17023,1308,Swift,27,12700,98,SLOW,98 dias (mediana) entre releases
tinygo-org,tinygo,16830,996,Go,47,21900,50.5,SLOW,50.5 dias (mediana) entre releases
leon-ai,leon,16788,1410,TypeScript,20,2100,58,SLOW,58 dias (mediana) entre releases
upx,upx,16739,1466,C++,20,2100,81.5,SLOW,81.5 dias (mediana) entre releases
kubesphere,kubesphere,16714,2705,Go,28,17600,100,SLOW,100 dias (mediana) entre releases
desandro,masonry,16670,2093,HTML,22,900,85,SLOW,85 dias (mediana) entre releases
upptime,upptime,16655,999,JSON,39,2200,64,SLOW,64 dias (mediana) entre releases
uvdesk,community-skeleton,16611,544,CSS,24,4500,62.0,SLOW,62.0 dias (mediana) entre releases
slackhq,nebula,16479,1075,Go,23,7500,85.5,SLOW,85.5 dias (mediana) entre releases
asciinema,asciinema,16348,983,Rust,23,6200,95.5,SLOW,95.5 dias (mediana) entre releases
sqlc-dev,sqlc,16322,966,Go,36,23900,55.5,SLOW,55.5 dias (mediana) entre releases
piskvorky,gensim,16270,4420,Python,44,46200,54,SLOW,54 dias (mediana) entre releases
fatih,vim-go,16204,1430,Vim Script,44,39000,59,SLOW,59 dias (mediana) entre releases
mattboldt,typed.js,16195,1772,JavaScript,24,4200,54,SLOW,54 dias (mediana) entre releases
flarum,flarum,16087,1666,PHP,27,3200,115,SLOW,115 dias (mediana) entre releases
fail2ban,fail2ban,15967,1409,Python,29,28900,128,SLOW,128 dias (mediana) entre releases
adobe-fonts,source-han-sans,15935,1364,Python,20,500,155,SLOW,155 dias (mediana) entre releases
MaterialDesignInXAML,MaterialDesignInXamlToolkit,15893,3487,C#,44,21100,70,SLOW,70 dias (mediana) entre releases
janeczku,calibre-web,15877,1671,Fluent,25,29100,80.0,SLOW,80.0 dias (mediana) entre releases
tc39,ecma262,15535,1373,HTML,28,20100,76.5,SLOW,76.5 dias (mediana) entre releases
davatorium,rofi,15335,661,C,43,18000,52.0,SLOW,52.0 dias (mediana) entre releases
go-sql-driver,mysql,15272,2334,Go,22,16600,128.0,SLOW,128.0 dias (mediana) entre releases
jpillora,chisel,15244,1542,Go,33,4100,57,SLOW,57 dias (mediana) entre releases
lsd-rs,lsd,15063,469,Rust,31,18000,71,SLOW,71 dias (mediana) entre releases
polybar,polybar,15022,720,C++,24,17300,83,SLOW,83 dias (mediana) entre releases
apprenticeharper,DeDRM_tools,14982,1581,Python,81,7100,52.0,SLOW,52.0 dias (mediana) entre releases
lra,mackup,14953,940,Python,32,48700,72,SLOW,72 dias (mediana) entre releases
laramies,theHarvester,14941,2336,Python,31,11300,50.5,SLOW,50.5 dias (mediana) entre releases
caronc,apprise,14910,530,Python,56,9500,51,SLOW,51 dias (mediana) entre releases
PuerkitoBio,goquery,14780,927,Go,23,5300,106,SLOW,106 dias (mediana) entre releases
Perfare,AssetStudio,14757,2813,C#,24,2300,73.5,SLOW,73.5 dias (mediana) entre releases
kubernetes-sigs,kind,14740,1681,Go,36,35500,60,SLOW,60 dias (mediana) entre releases
powerline,powerline,14644,1006,Python,23,15300,85,SLOW,85 dias (mediana) entre releases
neovide,neovide,14556,580,Rust,30,22200,51,SLOW,51 dias (mediana) entre releases
FLEXTool,FLEX,14485,1770,Objective-C,31,12200,54.5,SLOW,54.5 dias (mediana) entre releases
arduino,Arduino,14471,6998,Java,37,30400,72.0,SLOW,72.0 dias (mediana) entre releases
google,brotli,14423,1303,TypeScript,22,12000,78,SLOW,78 dias (mediana) entre releases
scala,scala,14421,3105,Scala,78,72100,53.5,SLOW,53.5 dias (mediana) entre releases
shelljs,shelljs,14379,744,JavaScript,20,9500,76.5,SLOW,76.5 dias (mediana) entre releases
glfw,glfw,14367,5683,C,22,20300,103,SLOW,103 dias (mediana) entre releases
flairNLP,flair,14324,2131,Python,28,27600,69,SLOW,69 dias (mediana) entre releases
keycastr,keycastr,14303,549,Objective-C,26,2700,110,SLOW,110 dias (mediana) entre releases
direnv,direnv,14283,726,Go,64,24800,55.5,SLOW,55.5 dias (mediana) entre releases
beetbox,beets,14270,1942,Python,41,62700,62.5,SLOW,62.5 dias (mediana) entre releases
davisking,dlib,14226,3455,C++,34,20700,80.5,SLOW,80.5 dias (mediana) entre releases
forwardemail,supertest,14226,779,JavaScript,42,10300,65,SLOW,65 dias (mediana) entre releases
sogou,workflow,14178,2552,C++,32,3600,59,SLOW,59 dias (mediana) entre releases
spotify,annoy,14022,1213,C++,20,8900,67,SLOW,67 dias (mediana) entre releases
sivel,speedtest-cli,13995,1934,Python,22,900,71,SLOW,71 dias (mediana) entre releases
json-iterator,go,13893,1059,Go,20,5300,71.0,SLOW,71.0 dias (mediana) entre releases
sindresorhus,pure,13885,997,Shell,41,9400,84,SLOW,84 dias (mediana) entre releases
apache,druid,13869,3761,Java,68,72600,62,SLOW,62 dias (mediana) entre releases
xournalpp,xournalpp,13848,961,C++,36,24400,57,SLOW,57 dias (mediana) entre releases
alphacep,vosk-api,13625,1607,Jupyter Notebook,20,4600,50.5,SLOW,50.5 dias (mediana) entre releases
tink-crypto,tink,13559,1181,Java,21,11700,57.5,SLOW,57.5 dias (mediana) entre releases
mwaskom,seaborn,13557,2044,Python,37,21500,69.0,SLOW,69.0 dias (mediana) entre releases
sql-js,sql.js,13413,1096,JavaScript,22,5500,88.5,SLOW,88.5 dias (mediana) entre releases
fluent,fluentd,13387,1373,Ruby,22,27700,61,SLOW,61 dias (mediana) entre releases
wolfpld,tracy,13377,903,C++,22,21600,67,SLOW,67 dias (mediana) entre releases
tmuxinator,tmuxinator,13260,625,Ruby,54,15400,61.5,SLOW,61.5 dias (mediana) entre releases
carla-simulator,carla,13252,4300,C++,28,18900,57,SLOW,57 dias (mediana) entre releases
revel,revel,13239,1375,Go,24,15100,76,SLOW,76 dias (mediana) entre releases
python-pillow,Pillow,13191,2360,Python,61,48900,77,SLOW,77 dias (mediana) entre releases
oauth2-proxy,oauth2-proxy,13180,1914,Go,34,44400,59.5,SLOW,59.5 dias (mediana) entre releases
jedisct1,libsodium,13154,1831,C,33,14300,51,SLOW,51 dias (mediana) entre releases
FreshRSS,FreshRSS,13075,1048,PHP,63,34800,54.5,SLOW,54.5 dias (mediana) entre releases
gopherjs,gopherjs,13067,570,Go,22,7100,161,SLOW,161 dias (mediana) entre releases
isl-org,Open3D,12995,2494,C++,23,27100,98.0,SLOW,98.0 dias (mediana) entre releases
jonas,tig,12954,639,C,33,19400,146,SLOW,146 dias (mediana) entre releases
PrismJS,prism,12829,1354,JavaScript,42,39800,64.0,SLOW,64.0 dias (mediana) entre releases
apache,tvm,12817,3699,Python,24,108500,94.5,SLOW,94.5 dias (mediana) entre releases
uxsolutions,bootstrap-datepicker,12675,5986,JavaScript,20,38600,66.5,SLOW,66.5 dias (mediana) entre releases
google,or-tools,12674,2305,C++,51,19200,63.0,SLOW,63.0 dias (mediana) entre releases
mayswind,AriaNg,12662,1331,JavaScript,40,1800,66.5,SLOW,66.5 dias (mediana) entre releases
dail8859,NotepadNext,12657,760,C++,33,5400,53.0,SLOW,53.0 dias (mediana) entre releases
ninja-build,ninja,12438,1743,C++,27,32100,128.0,SLOW,128.0 dias (mediana) entre releases
cesanta,mongoose,12310,2862,C,48,16200,92,SLOW,92 dias (mediana) entre releases
fullstorydev,grpcurl,12217,551,Go,27,6300,77,SLOW,77 dias (mediana) entre releases
luanti-org,luanti,12073,2193,C++,36,116400,96,SLOW,96 dias (mediana) entre releases
piskelapp,piskel,12063,856,JavaScript,29,4200,54,SLOW,54 dias (mediana) entre releases
Yalantis,uCrop,12054,2228,Java,20,7200,250,SLOW,250 dias (mediana) entre releases
DLR-RM,stable-baselines3,12048,1989,Python,29,16800,63.0,SLOW,63.0 dias (mediana) entre releases
skypjack,entt,11861,1012,C++,36,8200,55.5,SLOW,55.5 dias (mediana) entre releases
xmartlabs,Eureka,11848,1319,Swift,35,17600,67,SLOW,67 dias (mediana) entre releases
vesoft-inc,nebula,11823,1273,C++,26,11700,65,SLOW,65 dias (mediana) entre releases
wenzhixin,bootstrap-table,11821,4402,MDX,35,36900,51.0,SLOW,51.0 dias (mediana) entre releases
LuckyPennySoftware,MediatR,11799,2186,C#,28,9000,99,SLOW,99 dias (mediana) entre releases
mas-cli,mas,11754,289,Swift,40,4600,54,SLOW,54 dias (mediana) entre releases
libevent,libevent,11715,3458,C,20,32800,104,SLOW,104 dias (mediana) entre releases
YOURLS,YOURLS,11662,2061,PHP,23,10400,229.0,SLOW,229.0 dias (mediana) entre releases
Shopify,toxiproxy,11659,479,Go,32,7900,74,SLOW,74 dias (mediana) entre releases
SubtitleEdit,subtitleedit,11559,1127,C#,66,17500,63.5,SLOW,63.5 dias (mediana) entre releases
RT-Thread,rt-thread,11541,5315,C,38,107300,86,SLOW,86 dias (mediana) entre releases
Z3Prover,z3,11529,1580,C++,51,36800,56.0,SLOW,56.0 dias (mediana) entre releases
google,sentencepiece,11438,1307,C++,29,10000,57.0,SLOW,57.0 dias (mediana) entre releases
taskflow,taskflow,11385,1332,C++,20,12800,106,SLOW,106 dias (mediana) entre releases
adnanh,webhook,11359,860,Go,32,6000,52.0,SLOW,52.0 dias (mediana) entre releases
doctrine,inflector,11345,138,PHP,23,9900,201.0,SLOW,201.0 dias (mediana) entre releases
snowie2000,mactype,11328,445,C++,22,1700,55,SLOW,55 dias (mediana) entre releases
jhy,jsoup,11279,2267,Java,20,13400,56,SLOW,56 dias (mediana) entre releases
pallets,jinja,11273,1683,Python,21,33400,74,SLOW,74 dias (mediana) entre releases
JamesNK,Newtonsoft.Json,11206,3313,C#,66,13600,61,SLOW,61 dias (mediana) entre releases
devicons,devicon,11204,2412,CSS,23,14500,63.0,SLOW,63.0 dias (mediana) entre releases
statsmodels,statsmodels,11089,3303,Python,30,46600,87,SLOW,87 dias (mediana) entre releases
tweepy,tweepy,11060,4601,Python,33,24800,68,SLOW,68 dias (mediana) entre releases
dompdf,dompdf,10987,1820,PHP,39,17200,73,SLOW,73 dias (mediana) entre releases
epicmaxco,vuestic-admin,10909,1795,Vue,22,6900,57,SLOW,57 dias (mediana) entre releases
cloudflare,quiche,10881,894,Rust,38,12600,56.0,SLOW,56.0 dias (mediana) entre releases
fdehau,tui-rs,10873,484,Rust,26,9600,65.5,SLOW,65.5 dias (mediana) entre releases
microsoft,STL,10872,1590,C++,22,25200,89.0,SLOW,89.0 dias (mediana) entre releases
kornia,kornia,10848,1070,Python,43,30100,57,SLOW,57 dias (mediana) entre releases
numba,numba,10727,1205,Python,23,40600,71.0,SLOW,71.0 dias (mediana) entre releases
mockery,mockery,10726,465,PHP,42,24500,55,SLOW,55 dias (mediana) entre releases
mathjax,MathJax,10678,1187,JavaScript,43,3800,66,SLOW,66 dias (mediana) entre releases
owncast,owncast,10655,1148,TypeScript,21,18200,72.0,SLOW,72.0 dias (mediana) entre releases
Automattic,node-canvas,10592,1189,JavaScript,20,18600,62.0,SLOW,62.0 dias (mediana) entre releases
phw,peek,10552,335,Vala,26,16500,51,SLOW,51 dias (mediana) entre releases
knockout,knockout,10539,1504,JavaScript,22,10200,117,SLOW,117 dias (mediana) entre releases
nasa,fprime,10525,1444,C++,36,22700,52.5,SLOW,52.5 dias (mediana) entre releases
foliojs,pdfkit,10483,1197,JavaScript,22,10400,104,SLOW,104 dias (mediana) entre releases
Cyan4973,xxHash,10478,864,C,25,11800,98.5,SLOW,98.5 dias (mediana) entre releases
AlessandroZ,LaZagne,10475,2107,Python,22,4700,112.0,SLOW,112.0 dias (mediana) entre releases
esimov,caire,10453,385,Go,23,1400,77,SLOW,77 dias (mediana) entre releases
gui-cs,Terminal.Gui,10445,729,C#,29,11500,51.0,SLOW,51.0 dias (mediana) entre releases
resilience4j,resilience4j,10436,1429,Java,35,24700,64,SLOW,64 dias (mediana) entre releases
SpecterOps,BloodHound-Legacy,10418,1785,PowerShell,36,7200,56,SLOW,56 dias (mediana) entre releases
nodejs,node-gyp,10405,1862,Python,28,26800,53.0,SLOW,53.0 dias (mediana) entre releases
jquery-validation,jquery-validation,10353,2754,JavaScript,27,24200,174.0,SLOW,174.0 dias (mediana) entre releases
benoitc,gunicorn,10329,1809,Python,31,43100,59.5,SLOW,59.5 dias (mediana) entre releases
reasonml,reason,10287,431,OCaml,32,14200,71.0,SLOW,71.0 dias (mediana) entre releases
colmap,colmap,10274,1832,C++,31,15400,78,SLOW,78 dias (mediana) entre releases
rr-debugger,rr,10223,641,C++,22,21300,132,SLOW,132 dias (mediana) entre releases
LuckyPennySoftware,AutoMapper,10192,2385,C#,47,19500,82,SLOW,82 dias (mediana) entre releases
baldurk,renderdoc,10165,1479,C++,60,29900,62.0,SLOW,62.0 dias (mediana) entre releases
vega,altair,10107,827,Python,36,18200,61.5,SLOW,61.5 dias (mediana) entre releases
tweenjs,tween.js,10077,1424,TypeScript,31,9000,111,SLOW,111 dias (mediana) entre releases
swiftlang,swift-package-manager,10034,1427,Swift,21,47100,74.0,SLOW,74.0 dias (mediana) entre releases
EpistasisLab,tpot,10018,1579,Jupyter Notebook,32,900,58,SLOW,58 dias (mediana) entre releases
Tencent,xLua,9913,2500,C,22,6600,87,SLOW,87 dias (mediana) entre releases
hackmdio,codimd,9872,1114,JavaScript,41,19300,54.0,SLOW,54.0 dias (mediana) entre releases
go-swagger,go-swagger,9872,1292,Go,57,36100,52.0,SLOW,52.0 dias (mediana) entre releases
google,benchmark,9826,1712,C++,29,34700,60.0,SLOW,60.0 dias (mediana) entre releases
Syllo,nvtop,9784,345,C,21,6300,64.0,SLOW,64.0 dias (mediana) entre releases
OpenFeign,feign,9762,1948,Java,39,31300,53.5,SLOW,53.5 dias (mediana) entre releases
sindresorhus,pageres,9742,734,TypeScript,40,3400,57,SLOW,57 dias (mediana) entre releases
lib,pq,9698,936,Go,20,14100,66.5,SLOW,66.5 dias (mediana) entre releases
jiaaro,pydub,9638,1125,Python,31,9400,68.5,SLOW,68.5 dias (mediana) entre releases
pwndbg,pwndbg,9605,1117,Python,23,28900,131.5,SLOW,131.5 dias (mediana) entre releases
pycaret,pycaret,9602,1847,Jupyter Notebook,29,14100,54.0,SLOW,54.0 dias (mediana) entre releases
yzhao062,pyod,9579,1455,Python,43,6300,54.5,SLOW,54.5 dias (mediana) entre releases
s3fs-fuse,s3fs-fuse,9530,1066,C++,22,13100,207.5,SLOW,207.5 dias (mediana) entre releases
Studio3T,robomongo,9367,816,C++,21,4000,57.0,SLOW,57.0 dias (mediana) entre releases
taojy123,KeymouseGo,9313,1259,Python,20,1100,53.0,SLOW,53.0 dias (mediana) entre releases
projectstorm,react-diagrams,9293,1204,TypeScript,34,9500,173.0,SLOW,173.0 dias (mediana) entre releases
studyzy,imewlconverter,9291,676,C#,22,1600,98,SLOW,98 dias (mediana) entre releases
owasp-modsecurity,ModSecurity,9284,1697,C++,36,13400,100,SLOW,100 dias (mediana) entre releases
LMMS,lmms,9256,1108,C++,55,30100,100.5,SLOW,100.5 dias (mediana) entre releases
PaddlePaddle,PaddleSeg,9216,1710,Python,20,13000,82,SLOW,82 dias (mediana) entre releases
VirusTotal,yara,9202,1534,C,47,22500,68,SLOW,68 dias (mediana) entre releases
etcd-io,bbolt,9199,708,Go,24,23500,89,SLOW,89 dias (mediana) entre releases
Humanizr,Humanizer,9196,1001,C#,28,28600,78.0,SLOW,78.0 dias (mediana) entre releases
Stellarium,stellarium,9177,953,C++,65,22800,90,SLOW,90 dias (mediana) entre releases
jsvine,pdfplumber,9116,825,Python,41,4100,65,SLOW,65 dias (mediana) entre releases
diasurgical,DevilutionX,9114,926,C++,22,26500,143,SLOW,143 dias (mediana) entre releases
canonical,microk8s,9078,813,Python,29,18000,62.0,SLOW,62.0 dias (mediana) entre releases
AirtestProject,Airtest,8988,1380,Python,24,6100,67,SLOW,67 dias (mediana) entre releases
dr5hn,countries-states-cities-database,8954,2903,Python,27,7500,61,SLOW,61 dias (mediana) entre releases
pyro-ppl,pyro,8912,1006,Python,35,16100,64,SLOW,64 dias (mediana) entre releases
NopeCHALLC,nopecha-extension,8905,141,JavaScript,24,400,194.0,SLOW,194.0 dias (mediana) entre releases
flowable,flowable-engine,8876,2766,Java,28,38800,73,SLOW,73 dias (mediana) entre releases
myclabs,DeepCopy,8875,108,PHP,38,3600,119,SLOW,119 dias (mediana) entre releases
hashicorp,raft,8827,1044,Go,26,12700,58.0,SLOW,58.0 dias (mediana) entre releases
mozilla,nunjucks,8823,647,JavaScript,36,15700,59.5,SLOW,59.5 dias (mediana) entre releases
NVIDIA,cutlass,8785,1529,C++,43,22700,58,SLOW,58 dias (mediana) entre releases
kivy,python-for-android,8782,1998,Python,20,26800,104,SLOW,104 dias (mediana) entre releases
jorgebucaran,fisher,8782,277,Shell,62,7400,52,SLOW,52 dias (mediana) entre releases
dessant,buster,8772,651,JavaScript,20,200,63,SLOW,63 dias (mediana) entre releases
testssl,testssl.sh,8691,1105,Shell,31,15100,110.0,SLOW,110.0 dias (mediana) entre releases
golang-jwt,jwt,8666,420,Go,22,11500,56.0,SLOW,56.0 dias (mediana) entre releases
async-profiler,async-profiler,8640,942,C++,35,7400,58,SLOW,58 dias (mediana) entre releases
veracrypt,VeraCrypt,8635,1098,C,36,11500,56.0,SLOW,56.0 dias (mediana) entre releases
VowpalWabbit,vowpal_wabbit,8615,1932,C++,30,33700,63,SLOW,63 dias (mediana) entre releases
unicorn-engine,unicorn,8582,1450,C,29,25700,59.0,SLOW,59.0 dias (mediana) entre releases
jonobr1,two.js,8555,463,JavaScript,38,6200,69.5,SLOW,69.5 dias (mediana) entre releases
pillarjs,path-to-regexp,8522,446,TypeScript,30,3900,54.5,SLOW,54.5 dias (mediana) entre releases
phpspec,prophecy,8505,244,PHP,47,13300,82.0,SLOW,82.0 dias (mediana) entre releases
google,tsunami-security-scanner,8478,920,Java,27,3300,62,SLOW,62 dias (mediana) entre releases
intel,ipex-llm,8456,1385,Python,22,11900,108.0,SLOW,108.0 dias (mediana) entre releases
Nevcairiel,LAVFilters,8452,818,C++,34,2100,109.5,SLOW,109.5 dias (mediana) entre releases
NVIDIA,cuda-samples,8448,2180,C,26,1500,100.5,SLOW,100.5 dias (mediana) entre releases
RSS-Bridge,rss-bridge,8446,1174,PHP,37,36800,51.5,SLOW,51.5 dias (mediana) entre releases
mopidy,mopidy,8404,699,Python,20,14400,96.0,SLOW,96.0 dias (mediana) entre releases
hs-web,hsweb-framework,8397,3044,Java,32,3200,84,SLOW,84 dias (mediana) entre releases
delta-io,delta,8396,1955,Scala,31,41300,62,SLOW,62 dias (mediana) entre releases
django-commons,django-debug-toolbar,8306,1069,Python,30,31700,60.0,SLOW,60.0 dias (mediana) entre releases
givanz,VvvebJs,8282,1802,JavaScript,23,900,51.5,SLOW,51.5 dias (mediana) entre releases
microsoft,cpprestsdk,8235,1694,C++,32,18300,65,SLOW,65 dias (mediana) entre releases
kishikawakatsumi,KeychainAccess,8206,825,Swift,31,3600,57.5,SLOW,57.5 dias (mediana) entre releases
vi,websocat,8139,312,Rust,26,2300,118.5,SLOW,118.5 dias (mediana) entre releases
vinceliuice,WhiteSur-gtk-theme,8082,691,CSS,21,4400,62.0,SLOW,62.0 dias (mediana) entre releases
mde,ejs,8045,856,JavaScript,38,16300,72.0,SLOW,72.0 dias (mediana) entre releases
omniauth,omniauth,8029,983,Ruby,25,21900,106.5,SLOW,106.5 dias (mediana) entre releases
amethyst,amethyst,8021,736,Rust,24,35800,78.5,SLOW,78.5 dias (mediana) entre releases
allegro,bigcache,8005,605,Go,23,6600,58.5,SLOW,58.5 dias (mediana) entre releases
librosa,librosa,8000,1014,Python,46,12500,81.5,SLOW,81.5 dias (mediana) entre releases
lmcinnes,umap,7999,856,Python,34,14300,52,SLOW,52 dias (mediana) entre releases
opencart,opencart,7946,5009,PHP,35,49000,68,SLOW,68 dias (mediana) entre releases
OrchardCMS,OrchardCore,7936,2533,C#,37,32200,52.5,SLOW,52.5 dias (mediana) entre releases
SwiftUIX,SwiftUIX,7910,485,Swift,23,6200,61.5,SLOW,61.5 dias (mediana) entre releases
nodemcu,nodemcu-firmware,7851,3132,C,32,19600,81.0,SLOW,81.0 dias (mediana) entre releases
fatih,color,7800,631,Go,23,3900,116.5,SLOW,116.5 dias (mediana) entre releases
serilog,serilog,7780,841,C#,25,14600,137,SLOW,137 dias (mediana) entre releases
predis,predis,7734,994,PHP,57,11700,54.0,SLOW,54.0 dias (mediana) entre releases
PrivateBin,PrivateBin,7729,934,PHP,40,16700,66.0,SLOW,66.0 dias (mediana) entre releases
kelektiv,node.bcrypt.js,7726,539,C++,22,8600,76,SLOW,76 dias (mediana) entre releases
visualfc,liteide,7720,981,C++,32,10100,63.0,SLOW,63.0 dias (mediana) entre releases
pwr-Solaar,Solaar,7704,476,Python,37,19500,55,SLOW,55 dias (mediana) entre releases
dataarts,dat.gui,7701,1073,JavaScript,20,4500,84.5,SLOW,84.5 dias (mediana) entre releases
trello-archive,RxLifecycle,7689,639,Java,22,2100,69,SLOW,69 dias (mediana) entre releases
MagicStack,asyncpg,7683,434,Python,31,9700,84,SLOW,84 dias (mediana) entre releases
WebAssembly,wabt,7671,777,C++,39,14800,71,SLOW,71 dias (mediana) entre releases
stanfordnlp,stanza,7652,927,Python,29,7100,78,SLOW,78 dias (mediana) entre releases
PureLayout,PureLayout,7617,735,Objective-C,21,4000,57.5,SLOW,57.5 dias (mediana) entre releases
metafizzy,flickity,7592,602,JavaScript,24,1700,74,SLOW,74 dias (mediana) entre releases
open-cli-tools,concurrently,7561,250,TypeScript,62,8100,50.5,SLOW,50.5 dias (mediana) entre releases
mapstruct,mapstruct,7551,1011,Java,35,16200,73,SLOW,73 dias (mediana) entre releases
zsh-users,zsh-completions,7535,728,Shell,24,30000,62.5,SLOW,62.5 dias (mediana) entre releases
ElectronNET,Electron.NET,7525,738,C#,22,8700,91,SLOW,91 dias (mediana) entre releases
PHPOffice,PHPWord,7506,2736,PHP,26,22900,196.0,SLOW,196.0 dias (mediana) entre releases
PyCQA,bandit,7472,706,Python,24,18900,51,SLOW,51 dias (mediana) entre releases
oldratlee,useful-scripts,7471,2808,Shell,30,1500,54,SLOW,54 dias (mediana) entre releases
Project-MONAI,MONAI,7449,1339,Python,22,23900,78,SLOW,78 dias (mediana) entre releases
mozilla,geckodriver,7429,1535,Unknown,46,1800,66,SLOW,66 dias (mediana) entre releases
laravel,tinker,7409,133,PHP,29,3500,70,SLOW,70 dias (mediana) entre releases
google,jsonnet,7395,469,Jsonnet,38,15400,101.0,SLOW,101.0 dias (mediana) entre releases
mumble-voip,mumble,7370,1253,C++,46,39400,62,SLOW,62 dias (mediana) entre releases
fontforge,fontforge,7358,761,C,22,22400,109,SLOW,109 dias (mediana) entre releases
mvdctop,Movie_Data_Capture,7351,1404,Python,49,300,129.5,SLOW,129.5 dias (mediana) entre releases
technomancy,leiningen,7298,1590,Clojure,33,46200,57,SLOW,57 dias (mediana) entre releases
hybridgroup,gocv,7288,898,Go,46,17500,61,SLOW,61 dias (mediana) entre releases
python-visualization,folium,7269,2257,Python,38,17500,87,SLOW,87 dias (mediana) entre releases
tabulapdf,tabula,7249,682,CSS,20,4400,114,SLOW,114 dias (mediana) entre releases
jepsen-io,jepsen,7205,737,Clojure,31,13300,90,SLOW,90 dias (mediana) entre releases
barryvdh,laravel-dompdf,7154,980,PHP,30,5600,111,SLOW,111 dias (mediana) entre releases
OpenMathLib,OpenBLAS,7103,1610,C,45,39300,78.5,SLOW,78.5 dias (mediana) entre releases
scikit-learn-contrib,imbalanced-learn,7060,1322,Python,40,8800,76,SLOW,76 dias (mediana) entre releases
jspreadsheet,ce,7053,884,JavaScript,24,8700,64.0,SLOW,64.0 dias (mediana) entre releases
youki-dev,youki,7052,389,Rust,21,13800,68.0,SLOW,68.0 dias (mediana) entre releases
libfuse,sshfs,7048,528,C,22,6000,112.0,SLOW,112.0 dias (mediana) entre releases
google,draco,7027,1020,C++,26,7200,57,SLOW,57 dias (mediana) entre releases
google,gops,6983,337,Go,27,4500,62.0,SLOW,62.0 dias (mediana) entre releases
quartznet,quartznet,6938,1726,C#,65,18800,76.5,SLOW,76.5 dias (mediana) entre releases
PixarAnimationStudios,OpenUSD,6935,1356,C++,49,29000,73.5,SLOW,73.5 dias (mediana) entre releases
maharmstone,btrfs,6924,271,C,28,1900,77.5,SLOW,77.5 dias (mediana) entre releases
zeux,meshoptimizer,6907,581,C++,21,4200,139.0,SLOW,139.0 dias (mediana) entre releases
Wandmalfarbe,pandoc-latex-template,6903,998,Shell,25,3600,65.0,SLOW,65.0 dias (mediana) entre releases
HubSpot,vex,6902,488,CSS,21,3300,62,SLOW,62 dias (mediana) entre releases
jarun,buku,6899,307,Python,43,8000,52.5,SLOW,52.5 dias (mediana) entre releases
facebookarchive,xctool,6896,732,Objective-C,28,11000,61.0,SLOW,61.0 dias (mediana) entre releases
wxWidgets,wxWidgets,6896,1862,C++,80,60800,93,SLOW,93 dias (mediana) entre releases
tidyverse,ggplot2,6824,2113,R,28,36500,129,SLOW,129 dias (mediana) entre releases
chillzhuang,SpringBlade,6815,1379,PLpgSQL,22,100,84.5,SLOW,84.5 dias (mediana) entre releases
pdfminer,pdfminer.six,6782,1013,Python,24,15300,55,SLOW,55 dias (mediana) entre releases
Angel-ML,angel,6780,1590,Java,20,8100,59,SLOW,59 dias (mediana) entre releases
mahmoud,boltons,6774,375,Python,23,9300,77.5,SLOW,77.5 dias (mediana) entre releases
doctrine,annotations,6745,232,PHP,38,19900,80,SLOW,80 dias (mediana) entre releases
onionshare,onionshare,6744,689,Python,35,28600,80.5,SLOW,80.5 dias (mediana) entre releases
sj26,mailcatcher,6698,596,Ruby,22,5800,101.0,SLOW,101.0 dias (mediana) entre releases
hedgedoc,hedgedoc,6677,500,TypeScript,35,3500,62,SLOW,62 dias (mediana) entre releases
HaxeFoundation,haxe,6671,689,Haxe,71,24500,70.0,SLOW,70.0 dias (mediana) entre releases
grpc-ecosystem,go-grpc-middleware,6661,740,Go,25,17000,69.5,SLOW,69.5 dias (mediana) entre releases
traccar,traccar,6647,3010,Java,64,22800,62,SLOW,62 dias (mediana) entre releases
flarum,framework,6634,861,PHP,54,19900,52,SLOW,52 dias (mediana) entre releases
TigerVNC,tigervnc,6611,1097,C++,33,15700,65.0,SLOW,65.0 dias (mediana) entre releases
btcsuite,btcd,6607,2502,Go,27,25000,78,SLOW,78 dias (mediana) entre releases
php-pm,php-pm,6564,371,PHP,21,7500,63,SLOW,63 dias (mediana) entre releases
mgba-emu,mgba,6557,890,C,40,21600,86,SLOW,86 dias (mediana) entre releases
mitre,caldera,6544,1263,Python,34,12900,57,SLOW,57 dias (mediana) entre releases
brython-dev,brython,6527,525,Python,78,12400,53,SLOW,53 dias (mediana) entre releases
FlaxEngine,FlaxEngine,6497,636,C#,22,9100,58,SLOW,58 dias (mediana) entre releases
lballabio,QuantLib,6474,2052,C++,54,25100,91,SLOW,91 dias (mediana) entre releases
logisim-evolution,logisim-evolution,6464,815,Java,31,13400,55.0,SLOW,55.0 dias (mediana) entre releases
peazip,PeaZip,6463,351,Pascal,88,3700,56,SLOW,56 dias (mediana) entre releases
EsotericSoftware,kryo,6441,842,HTML,35,9500,82.0,SLOW,82.0 dias (mediana) entre releases
halide,Halide,6432,1092,C++,24,28400,76,SLOW,76 dias (mediana) entre releases
uxlfoundation,oneTBB,6423,1142,C++,58,12500,69.0,SLOW,69.0 dias (mediana) entre releases
neutrinolabs,xrdp,6392,1730,C,43,13600,88,SLOW,88 dias (mediana) entre releases
danmar,cppcheck,6390,1532,C++,43,51800,78.0,SLOW,78.0 dias (mediana) entre releases
bookshelf,bookshelf,6367,577,JavaScript,20,18100,69,SLOW,69 dias (mediana) entre releases
deepchem,deepchem,6331,1936,Python,20,25700,138,SLOW,138 dias (mediana) entre releases
pytransitions,transitions,6301,558,Python,33,7900,64.0,SLOW,64.0 dias (mediana) entre releases
haifengl,smile,6295,1149,Java,36,7100,77,SLOW,77 dias (mediana) entre releases
apache,flink-cdc,6265,2096,Java,23,20100,53.5,SLOW,53.5 dias (mediana) entre releases
madmaze,pytesseract,6260,746,Python,26,4600,54,SLOW,54 dias (mediana) entre releases
Mbed-TLS,mbedtls,6257,2793,C,74,40600,76.5,SLOW,76.5 dias (mediana) entre releases
chaosblade-io,chaosblade,6243,970,Go,28,4900,64,SLOW,64 dias (mediana) entre releases
jetlinks,jetlinks-community,6230,1807,Java,21,2600,59.5,SLOW,59.5 dias (mediana) entre releases
pre-commit,pre-commit-hooks,6171,763,Python,36,11700,77.5,SLOW,77.5 dias (mediana) entre releases
boa-dev,boa,6168,470,Rust,26,20700,73,SLOW,73 dias (mediana) entre releases
redux-offline,redux-offline,6148,396,JavaScript,23,5800,54,SLOW,54 dias (mediana) entre releases
aisingapore,TagUI,6145,631,JavaScript,23,2100,52.0,SLOW,52.0 dias (mediana) entre releases
mledoze,countries,6131,1276,PHP,27,13200,83.5,SLOW,83.5 dias (mediana) entre releases
AFLplusplus,AFLplusplus,6085,1187,C,39,33500,53.0,SLOW,53.0 dias (mediana) entre releases
mixxxdj,mixxx,6076,1510,C++,29,40700,75.0,SLOW,75.0 dias (mediana) entre releases
newmarcel,KeepingYouAwake,6072,239,Objective-C,45,3700,54.5,SLOW,54.5 dias (mediana) entre releases
nissl-lab,npoi,6068,1482,C#,20,17000,129,SLOW,129 dias (mediana) entre releases
OpenMW,openmw,6058,990,C++,37,46300,53,SLOW,53 dias (mediana) entre releases
pallets-eco,flask-admin,6039,1625,Python,28,38300,113.5,SLOW,113.5 dias (mediana) entre releases
ocaml,ocaml,6025,1187,OCaml,39,46400,101.5,SLOW,101.5 dias (mediana) entre releases
tailwindlabs,tailwindcss-typography,6022,310,JavaScript,30,3900,61.0,SLOW,61.0 dias (mediana) entre releases
apache,hudi,6019,2440,Java,31,54100,68.5,SLOW,68.5 dias (mediana) entre releases
tealeg,xlsx,6002,822,Go,27,15700,59,SLOW,59 dias (mediana) entre releases
thoughtbot,administrate,5994,1139,JavaScript,33,29800,66,SLOW,66 dias (mediana) entre releases
github,markup,5990,3390,Ruby,21,11200,106.5,SLOW,106.5 dias (mediana) entre releases
contribsys,faktory,5979,236,Go,31,5300,67,SLOW,67 dias (mediana) entre releases
google,google-java-format,5974,903,Java,39,10400,65,SLOW,65 dias (mediana) entre releases
btraceio,btrace,5971,964,Java,33,3200,75.0,SLOW,75.0 dias (mediana) entre releases
cowrie,cowrie,5971,985,Python,23,16500,177,SLOW,177 dias (mediana) entre releases
doctrine,collections,5960,189,PHP,31,10700,59.5,SLOW,59.5 dias (mediana) entre releases
apache,pinot,5948,1428,Java,23,44600,112,SLOW,112 dias (mediana) entre releases
airbnb,mavericks,5932,510,Kotlin,36,7000,50.5,SLOW,50.5 dias (mediana) entre releases
cisco,openh264,5923,1861,C++,20,16700,191,SLOW,191 dias (mediana) entre releases
graphql-rust,juniper,5908,441,Rust,40,16000,77,SLOW,77 dias (mediana) entre releases
weibocom,motan,5903,1763,Java,28,5100,109,SLOW,109 dias (mediana) entre releases
Respect,Validation,5896,775,PHP,36,19000,55,SLOW,55 dias (mediana) entre releases
zhongyang219,MusicPlayer2,5893,456,C++,25,900,76.5,SLOW,76.5 dias (mediana) entre releases
JackJiang2011,MobileIMSDK,5883,1352,Objective-C,40,300,65.5,SLOW,65.5 dias (mediana) entre releases
angular,flex-layout,5865,760,TypeScript,27,5700,62,SLOW,62 dias (mediana) entre releases
JSQLParser,JSqlParser,5854,1408,Java,37,17100,108.5,SLOW,108.5 dias (mediana) entre releases
caarlos0,env,5834,271,Go,51,7000,52.0,SLOW,52.0 dias (mediana) entre releases
LSPosed,LSPosed.github.io,5821,215,HTML,23,600,51.0,SLOW,51.0 dias (mediana) entre releases
libfuse,libfuse,5818,1225,C,57,23100,57.0,SLOW,57.0 dias (mediana) entre releases
schemaorg,schemaorg,5813,884,HTML,25,14800,81.0,SLOW,81.0 dias (mediana) entre releases
doctrine,common,5811,290,PHP,42,22100,72,SLOW,72 dias (mediana) entre releases
Kotlin,kotlinx.serialization,5810,665,Kotlin,34,19100,56,SLOW,56 dias (mediana) entre releases
Neargye,magic_enum,5799,517,C++,23,7300,79.0,SLOW,79.0 dias (mediana) entre releases
dsherret,ts-morph,5797,226,TypeScript,23,6600,82,SLOW,82 dias (mediana) entre releases
Tatsu-syo,noMeiryoUI,5791,174,C++,29,1500,105,SLOW,105 dias (mediana) entre releases
OISF,suricata,5766,1619,C,87,29900,57,SLOW,57 dias (mediana) entre releases
hashicorp,go-plugin,5765,493,Go,21,6200,84,SLOW,84 dias (mediana) entre releases
carp-lang,Carp,5752,179,Haskell,20,6400,94.5,SLOW,94.5 dias (mediana) entre releases
arvidn,libtorrent,5742,1056,C++,59,15600,53,SLOW,53 dias (mediana) entre releases
0xERR0R,blocky,5736,245,Go,32,7500,52,SLOW,52 dias (mediana) entre releases
HexFiend,HexFiend,5721,447,Objective-C,20,8100,134,SLOW,134 dias (mediana) entre releases
ledger,ledger,5711,524,C++,28,24400,53,SLOW,53 dias (mediana) entre releases
mislav,will_paginate,5705,866,Ruby,22,7400,247.5,SLOW,247.5 dias (mediana) entre releases
dokan-dev,dokany,5686,689,C,47,8800,56.5,SLOW,56.5 dias (mediana) entre releases
rack,rack-attack,5682,343,Ruby,25,9300,64.0,SLOW,64.0 dias (mediana) entre releases
jagrosh,MusicBot,5679,2744,Java,38,1700,52.5,SLOW,52.5 dias (mediana) entre releases
JanusGraph,janusgraph,5669,1211,Java,28,19800,63,SLOW,63 dias (mediana) entre releases
python-attrs,attrs,5656,408,Python,26,18000,122.0,SLOW,122.0 dias (mediana) entre releases
bwmarrin,discordgo,5652,875,Go,31,24100,113,SLOW,113 dias (mediana) entre releases
meefik,linuxdeploy,5652,705,Java,37,1800,59.5,SLOW,59.5 dias (mediana) entre releases
bats-core,bats-core,5640,453,Shell,24,14300,119.0,SLOW,119.0 dias (mediana) entre releases
moxiecode,plupload,5627,1411,JavaScript,21,6800,100,SLOW,100 dias (mediana) entre releases
RIOT-OS,RIOT,5626,2067,C,49,53300,94.5,SLOW,94.5 dias (mediana) entre releases
mindee,doctr,5614,596,Python,20,6700,54,SLOW,54 dias (mediana) entre releases
00-Evan,shattered-pixel-dungeon,5612,1319,Java,51,200,82.0,SLOW,82.0 dias (mediana) entre releases
tianocore,edk2,5576,2943,C,32,100300,90,SLOW,90 dias (mediana) entre releases
python-websockets,websockets,5566,573,Python,46,8100,73,SLOW,73 dias (mediana) entre releases
mlpack,mlpack,5528,1679,C++,52,33400,53.5,SLOW,53.5 dias (mediana) entre releases
HeidiSQL,HeidiSQL,5526,525,Pascal,32,3400,101.0,SLOW,101.0 dias (mediana) entre releases
karlstav,cava,5525,268,C,32,9100,80,SLOW,80 dias (mediana) entre releases
projectdiscovery,naabu,5522,632,Go,36,6300,52.5,SLOW,52.5 dias (mediana) entre releases
commixproject,commix,5518,902,Python,39,2300,69.5,SLOW,69.5 dias (mediana) entre releases
day8,re-frame,5506,718,Clojure,44,21300,51,SLOW,51 dias (mediana) entre releases
microsoft,Windows-classic-samples,5489,3320,Unknown,120,1700,52.5,SLOW,52.5 dias (mediana) entre releases
ServiceStack,ServiceStack,5483,1628,C#,83,34700,52.5,SLOW,52.5 dias (mediana) entre releases
mhammond,pywin32,5477,844,C++,20,10900,133,SLOW,133 dias (mediana) entre releases
vercel,ms,5453,285,TypeScript,20,4100,134,SLOW,134 dias (mediana) entre releases
haraka,Haraka,5452,689,JavaScript,36,20900,52.5,SLOW,52.5 dias (mediana) entre releases
Dash-Industry-Forum,dash.js,5449,1729,JavaScript,59,23900,56.5,SLOW,56.5 dias (mediana) entre releases
Ne0nd0g,merlin,5418,843,Go,30,1700,66,SLOW,66 dias (mediana) entre releases
cnr-isti-vclab,meshlab,5411,866,C++,27,8300,53,SLOW,53 dias (mediana) entre releases
Platane,snk,5385,2106,TypeScript,40,700,63,SLOW,63 dias (mediana) entre releases
prometheus,blackbox_exporter,5383,1157,Go,33,13700,95.0,SLOW,95.0 dias (mediana) entre releases
LibreCAD,LibreCAD,5371,1137,C++,23,16500,118.0,SLOW,118.0 dias (mediana) entre releases
hylang,hy,5361,372,Python,22,18000,148,SLOW,148 dias (mediana) entre releases
ClosedXML,ClosedXML,5351,906,C#,45,11700,55,SLOW,55 dias (mediana) entre releases
cubefs,cubefs,5312,678,Go,42,17400,55,SLOW,55 dias (mediana) entre releases
ImageOptim,gifski,5306,165,Rust,36,2400,58,SLOW,58 dias (mediana) entre releases
GothenburgBitFactory,taskwarrior,5301,374,C++,21,20000,64.0,SLOW,64.0 dias (mediana) entre releases
gnif,LookingGlass,5294,288,C,24,7700,104,SLOW,104 dias (mediana) entre releases
umputun,remark42,5291,417,Go,24,15100,74,SLOW,74 dias (mediana) entre releases
Lymphatus,caesium-image-compressor,5264,310,C++,31,4000,51.5,SLOW,51.5 dias (mediana) entre releases
tummychow,git-absorb,5257,86,Rust,21,4200,86,SLOW,86 dias (mediana) entre releases
dunst-project,dunst,5247,365,C,25,17100,96,SLOW,96 dias (mediana) entre releases
hneemann,Digital,5239,528,Java,35,3100,59,SLOW,59 dias (mediana) entre releases
Azgaar,Fantasy-Map-Generator,5239,808,JavaScript,20,6000,62,SLOW,62 dias (mediana) entre releases
rails,thor,5213,550,Ruby,31,25700,178.0,SLOW,178.0 dias (mediana) entre releases
mozillazg,python-pinyin,5198,626,Python,38,2800,53,SLOW,53 dias (mediana) entre releases
OpenShot,openshot-qt,5188,631,Python,25,6200,98.0,SLOW,98.0 dias (mediana) entre releases
intel,hyperscan,5188,764,C++,24,3100,77.5,SLOW,77.5 dias (mediana) entre releases
jwilder,dockerize,5173,425,Go,21,5200,89,SLOW,89 dias (mediana) entre releases
LWJGL,lwjgl3,5169,670,Java,21,5300,134.5,SLOW,134.5 dias (mediana) entre releases
Netflix,vmaf,5152,797,Python,23,10700,110.5,SLOW,110.5 dias (mediana) entre releases
burrowers,garble,5141,321,Go,25,2100,57.0,SLOW,57.0 dias (mediana) entre releases
the1812,Malware-Patch,5140,313,C#,33,200,62.0,SLOW,62.0 dias (mediana) entre releases
qtile,qtile,5139,719,Python,26,44100,77.5,SLOW,77.5 dias (mediana) entre releases
google-ar,arcore-android-sdk,5137,1253,C++,59,1400,54,SLOW,54 dias (mediana) entre releases
django-crispy-forms,django-crispy-forms,5136,729,Python,27,22900,101.5,SLOW,101.5 dias (mediana) entre releases
google,highway,5132,387,C++,23,10200,55.5,SLOW,55.5 dias (mediana) entre releases
leokhoa,laragon,5124,468,PHP,25,4000,52,SLOW,52 dias (mediana) entre releases
patriciogonzalezvivo,glslViewer,5113,366,C++,30,5500,56.5,SLOW,56.5 dias (mediana) entre releases
dorssel,usbipd-win,5096,313,C#,29,1400,52.5,SLOW,52.5 dias (mediana) entre releases
4gray,iptvnator,5093,646,TypeScript,28,3900,54,SLOW,54 dias (mediana) entre releases
rasbt,mlxtend,5083,886,Python,32,11100,92.0,SLOW,92.0 dias (mediana) entre releases
volcano-sh,volcano,5069,1208,Go,40,38700,57.0,SLOW,57.0 dias (mediana) entre releases
tboox,tbox,5066,750,C,23,3500,165.0,SLOW,165.0 dias (mediana) entre releases
phusion,passenger,5062,556,C++,33,14300,61.0,SLOW,61.0 dias (mediana) entre releases
get-alex,alex,5060,212,JavaScript,33,4400,53,SLOW,53 dias (mediana) entre releases
kubernetes,website,5059,15103,HTML,29,659900,117.5,SLOW,117.5 dias (mediana) entre releases
OpenTSDB,opentsdb,5058,1240,Java,27,17500,128,SLOW,128 dias (mediana) entre releases
tianshiyeben,wgcloud,5046,893,Java,29,300,64,SLOW,64 dias (mediana) entre releases
confluentinc,confluent-kafka-go,5038,695,HTML,32,9200,72,SLOW,72 dias (mediana) entre releases
bootboxjs,bootbox,5038,1032,JavaScript,27,9100,68,SLOW,68 dias (mediana) entre releases
racket,racket,5032,687,Racket,20,45400,88,SLOW,88 dias (mediana) entre releases
containers,bubblewrap,5021,268,C,23,6400,111,SLOW,111 dias (mediana) entre releases
apple,coremltools,5020,732,Python,45,19900,58.5,SLOW,58.5 dias (mediana) entre releases
butlerx,wetty,5005,735,TypeScript,23,7600,55,SLOW,55 dias (mediana) entre releases
google,grr,4995,792,Python,30,5300,92,SLOW,92 dias (mediana) entre releases
PHP-FFMpeg,PHP-FFMpeg,4992,900,PHP,27,8100,80.0,SLOW,80.0 dias (mediana) entre releases
wp-cli,wp-cli,4987,1005,PHP,55,23700,63,SLOW,63 dias (mediana) entre releases
NVIDIA,thrust,4986,763,C++,49,10700,79,SLOW,79 dias (mediana) entre releases
ReactiveX,RxPY,4974,367,Python,20,10500,91,SLOW,91 dias (mediana) entre releases
JodaOrg,joda-time,4973,1015,Java,50,11000,66,SLOW,66 dias (mediana) entre releases
Bogdanp,dramatiq,4972,347,Python,28,12500,79.5,SLOW,79.5 dias (mediana) entre releases
zalando,postgres-operator,4965,1054,Go,26,20600,76,SLOW,76 dias (mediana) entre releases
tidyverse,dplyr,4960,2133,R,43,29700,55.5,SLOW,55.5 dias (mediana) entre releases
panda3d,panda3d,4955,847,C++,22,17600,128,SLOW,128 dias (mediana) entre releases
bcpierce00,unison,4939,257,OCaml,20,5600,176,SLOW,176 dias (mediana) entre releases
lugg,react-native-config,4931,660,Java,32,12500,57.5,SLOW,57.5 dias (mediana) entre releases
sindresorhus,electron-store,4926,161,JavaScript,27,1900,54,SLOW,54 dias (mediana) entre releases
ossec,ossec-hids,4913,1065,C,30,18900,88,SLOW,88 dias (mediana) entre releases
Qix-,color,4910,274,JavaScript,21,4600,62,SLOW,62 dias (mediana) entre releases
tianon,gosu,4900,351,Shell,20,1500,133.5,SLOW,133.5 dias (mediana) entre releases
TimOliver,TOCropViewController,4880,1006,Objective-C,20,11800,83.5,SLOW,83.5 dias (mediana) entre releases
jazzband,django-silk,4861,352,Python,48,16400,67.0,SLOW,67.0 dias (mediana) entre releases
bbc,wraith,4844,358,Ruby,30,8300,59,SLOW,59 dias (mediana) entre releases
apache,maven,4842,2787,Java,27,26200,53,SLOW,53 dias (mediana) entre releases
google-deepmind,open_spiel,4839,1039,C++,22,20700,77.0,SLOW,77.0 dias (mediana) entre releases
variadico,noti,4833,140,Go,24,2900,87,SLOW,87 dias (mediana) entre releases
arrayfire,arrayfire,4822,550,C++,35,9600,53.0,SLOW,53.0 dias (mediana) entre releases
moneyphp,money,4802,449,PHP,44,10200,62.5,SLOW,62.5 dias (mediana) entre releases
quantumlib,Cirq,4766,1152,Python,30,25900,79.0,SLOW,79.0 dias (mediana) entre releases
RodZill4,material-maker,4761,277,GDScript,35,3800,55,SLOW,55 dias (mediana) entre releases
Ullaakut,cameradar,4755,584,Go,24,1600,64.0,SLOW,64.0 dias (mediana) entre releases
pytorch,ignite,4712,656,Python,25,22500,114.0,SLOW,114.0 dias (mediana) entre releases
3proxy,3proxy,4705,864,C,28,1000,65.0,SLOW,65.0 dias (mediana) entre releases
deepjavalibrary,djl,4691,730,Java,36,14900,67.0,SLOW,67.0 dias (mediana) entre releases
angryip,ipscan,4682,782,Java,32,3900,84,SLOW,84 dias (mediana) entre releases
tencentmusic,cube-studio,4682,822,Python,21,4000,71.5,SLOW,71.5 dias (mediana) entre releases
stleary,JSON-java,4676,2593,Java,24,12000,129,SLOW,129 dias (mediana) entre releases
scala-js,scala-js,4675,401,Scala,33,10600,64.0,SLOW,64.0 dias (mediana) entre releases
nomcopter,react-mosaic,4672,237,TypeScript,39,1900,51,SLOW,51 dias (mediana) entre releases
SadeghHayeri,GreenTunnel,4669,295,JavaScript,20,1500,51.0,SLOW,51.0 dias (mediana) entre releases
lc,gau,4669,501,Go,22,1600,64,SLOW,64 dias (mediana) entre releases
offu,WeRoBot,4664,998,Python,28,2400,76,SLOW,76 dias (mediana) entre releases
rusterlium,rustler,4657,232,Rust,25,8300,77,SLOW,77 dias (mediana) entre releases
carltongibson,django-filter,4651,767,Python,23,22000,116,SLOW,116 dias (mediana) entre releases
hhatto,autopep8,4648,288,Python,30,6300,65.0,SLOW,65.0 dias (mediana) entre releases
xfangfang,wiliwili,4637,206,C++,22,1500,58,SLOW,58 dias (mediana) entre releases
MrSwitch,hello.js,4634,599,JavaScript,35,7500,66.0,SLOW,66.0 dias (mediana) entre releases
Masterminds,sprig,4620,469,Go,33,10200,61,SLOW,61 dias (mediana) entre releases
autofac,Autofac,4616,847,C#,46,8400,54,SLOW,54 dias (mediana) entre releases
FormidableLabs,react-live,4570,257,TypeScript,32,6700,54,SLOW,54 dias (mediana) entre releases
objectbox,objectbox-java,4562,305,Java,49,1100,51,SLOW,51 dias (mediana) entre releases
Varying-Vagrant-Vagrants,VVV,4536,841,Shell,26,17600,118,SLOW,118 dias (mediana) entre releases
h2database,h2database,4516,1279,Java,24,20000,81,SLOW,81 dias (mediana) entre releases
magefile,mage,4515,271,Go,21,7400,55,SLOW,55 dias (mediana) entre releases
tailwindlabs,tailwindcss-forms,4513,227,HTML,26,1900,69,SLOW,69 dias (mediana) entre releases
kasper,phoenix,4508,128,Objective-C,22,2600,103,SLOW,103 dias (mediana) entre releases
tensorflow,datasets,4499,1590,Python,37,32300,62.5,SLOW,62.5 dias (mediana) entre releases
OAID,Tengine,4495,982,C++,20,8200,51,SLOW,51 dias (mediana) entre releases
mozilla,rhino,4484,903,JavaScript,32,14700,244,SLOW,244 dias (mediana) entre releases
tokio-rs,prost,4476,583,Rust,38,16200,52.0,SLOW,52.0 dias (mediana) entre releases
improbable-eng,grpc-web,4473,443,TypeScript,21,9300,70,SLOW,70 dias (mediana) entre releases
KnpLabs,snappy,4465,438,PHP,29,9900,62,SLOW,62 dias (mediana) entre releases
freedomofpress,dangerzone,4460,212,Python,24,3300,82,SLOW,82 dias (mediana) entre releases
jacoco,jacoco,4441,1186,Java,50,6000,86,SLOW,86 dias (mediana) entre releases
kermitt2,grobid,4439,521,Java,22,6700,180,SLOW,180 dias (mediana) entre releases
zdhxiong,mdui,4427,377,TypeScript,23,1000,99,SLOW,99 dias (mediana) entre releases
zeux,pugixml,4416,783,C++,22,8600,260,SLOW,260 dias (mediana) entre releases
has2k1,plotnine,4411,244,Python,33,11300,63.0,SLOW,63.0 dias (mediana) entre releases
airbnb,DeepLinkDispatch,4400,410,Java,24,5400,53,SLOW,53 dias (mediana) entre releases
thoughtbot,neat,4390,422,Ruby,25,6400,73,SLOW,73 dias (mediana) entre releases
VREMSoftwareDevelopment,WiFiAnalyzer,4381,698,Kotlin,31,5400,87.5,SLOW,87.5 dias (mediana) entre releases
DistrictDataLabs,yellowbrick,4380,567,Python,24,11200,81.0,SLOW,81.0 dias (mediana) entre releases
dmunozv04,iSponsorBlockTV,4379,189,Python,22,3000,51,SLOW,51 dias (mediana) entre releases
hynek,structlog,4376,256,Python,21,13500,54,SLOW,54 dias (mediana) entre releases
dotnet,Open-XML-SDK,4370,572,C#,39,5600,69,SLOW,69 dias (mediana) entre releases
dvorka,hstr,4353,239,C,24,5600,103,SLOW,103 dias (mediana) entre releases
pytorch,serve,4353,889,Java,24,21900,62,SLOW,62 dias (mediana) entre releases
wooorm,franc,4342,183,JavaScript,39,1000,116,SLOW,116 dias (mediana) entre releases
OpenVPN,easy-rsa,4341,1219,Shell,27,7100,132.0,SLOW,132.0 dias (mediana) entre releases
stern,stern,4335,151,Go,26,5400,56.5,SLOW,56.5 dias (mediana) entre releases
Breakthrough,PySceneDetect,4316,464,Python,36,3700,93,SLOW,93 dias (mediana) entre releases
pallets-eco,flask-sqlalchemy,4314,900,Python,22,12000,81,SLOW,81 dias (mediana) entre releases
abraham,twitteroauth,4310,1703,PHP,40,5700,54,SLOW,54 dias (mediana) entre releases
dragonwell-project,dragonwell8,4302,502,Java,43,156200,72.5,SLOW,72.5 dias (mediana) entre releases
JonathanSalwan,ROPgadget,4299,569,Python,28,6100,104,SLOW,104 dias (mediana) entre releases
ExcelDataReader,ExcelDataReader,4297,1008,C#,23,4700,57.0,SLOW,57.0 dias (mediana) entre releases
serversideup,amplitudejs,4288,429,JavaScript,26,2700,64,SLOW,64 dias (mediana) entre releases
doctrine,DoctrineMigrationsBundle,4285,220,PHP,38,12000,104.0,SLOW,104.0 dias (mediana) entre releases
melonDS-emu,melonDS,4285,646,C++,24,11500,187,SLOW,187 dias (mediana) entre releases
manuelbieh,geolib,4269,339,JavaScript,21,6300,85.5,SLOW,85.5 dias (mediana) entre releases
jlegewie,zotfile,4268,293,Java,33,5200,58,SLOW,58 dias (mediana) entre releases
sshnet,SSH.NET,4267,970,C#,20,6400,127,SLOW,127 dias (mediana) entre releases
HMBSbige,NatTypeTester,4261,249,C#,24,400,91.0,SLOW,91.0 dias (mediana) entre releases
prometheus,client_python,4257,838,Python,48,16800,70.0,SLOW,70.0 dias (mediana) entre releases
NVIDIA-Omniverse,PhysX,4241,561,C++,20,700,54,SLOW,54 dias (mediana) entre releases
mybatis,spring-boot-starter,4228,1810,Java,32,3600,136.5,SLOW,136.5 dias (mediana) entre releases
jboss-javassist,javassist,4221,720,Java,24,6400,147.5,SLOW,147.5 dias (mediana) entre releases
canonical,dqlite,4219,237,C,27,3800,78.5,SLOW,78.5 dias (mediana) entre releases
CloudCompare,CloudCompare,4212,1128,C++,33,12800,58.5,SLOW,58.5 dias (mediana) entre releases
zpao,qrcode.react,4195,340,TypeScript,25,2800,51,SLOW,51 dias (mediana) entre releases
osixia,docker-openldap,4180,991,Shell,34,7200,51,SLOW,51 dias (mediana) entre releases
obsproject,obs-websocket,4178,734,C++,26,3400,80.5,SLOW,80.5 dias (mediana) entre releases
testcontainers,testcontainers-dotnet,4169,342,C#,40,13300,51,SLOW,51 dias (mediana) entre releases
jendrikseipp,vulture,4167,173,Python,20,4700,59.5,SLOW,59.5 dias (mediana) entre releases
rfjakob,gocryptfs,4156,286,Go,48,5500,51,SLOW,51 dias (mediana) entre releases
dry-python,returns,4144,140,Python,29,6200,67.0,SLOW,67.0 dias (mediana) entre releases
mangerlahn,Latest,4143,111,Swift,30,11600,57,SLOW,57 dias (mediana) entre releases
apache,kvrocks,4136,584,C++,36,16100,68.5,SLOW,68.5 dias (mediana) entre releases
GlitchEnzo,NuGetForUnity,4131,368,C#,38,5200,62.5,SLOW,62.5 dias (mediana) entre releases
ONLYOFFICE,DesktopEditors,4117,439,Unknown,52,1300,51,SLOW,51 dias (mediana) entre releases
PowerShell,PSReadLine,4110,317,C#,43,6800,56,SLOW,56 dias (mediana) entre releases
libjpeg-turbo,libjpeg-turbo,4107,1097,C,52,4800,105.0,SLOW,105.0 dias (mediana) entre releases
JabRef,jabref,4103,3040,Java,46,84000,77,SLOW,77 dias (mediana) entre releases
doctrine-extensions,DoctrineExtensions,4103,1256,PHP,62,50500,53,SLOW,53 dias (mediana) entre releases
openrazer,openrazer,4099,594,C,40,23100,101,SLOW,101 dias (mediana) entre releases
praydog,REFramework,4078,436,C++,20,3800,92,SLOW,92 dias (mediana) entre releases
skeeto,w64devkit,4069,292,C,33,900,51.5,SLOW,51.5 dias (mediana) entre releases
NixOS,patchelf,4067,510,C,32,9800,136.5,SLOW,136.5 dias (mediana) entre releases
DiligentGraphics,DiligentEngine,4061,367,Batchfile,23,1300,105.5,SLOW,105.5 dias (mediana) entre releases
s-yadav,react-number-format,4057,419,JavaScript,49,8300,54,SLOW,54 dias (mediana) entre releases
DistroAV,DistroAV,4038,410,C++,39,5100,56.5,SLOW,56.5 dias (mediana) entre releases
lucaslorentz,caddy-docker-proxy,4035,202,Go,42,4100,52.0,SLOW,52.0 dias (mediana) entre releases
aya-rs,aya,4032,356,Rust,26,10500,77.0,SLOW,77.0 dias (mediana) entre releases
go-ozzo,ozzo-validation,4027,235,Go,21,2600,68.5,SLOW,68.5 dias (mediana) entre releases
Yooooomi,your_spotify,4020,169,TypeScript,22,3000,66.0,SLOW,66.0 dias (mediana) entre releases
more-itertools,more-itertools,4004,308,Python,48,13600,68.5,SLOW,68.5 dias (mediana) entre releases
sindresorhus,p-queue,3984,196,TypeScript,33,3300,56,SLOW,56 dias (mediana) entre releases
apache,age,3983,459,C,29,9100,74.5,SLOW,74.5 dias (mediana) entre releases
rstudio,bookdown,3979,1276,JavaScript,45,11400,56.5,SLOW,56.5 dias (mediana) entre releases
Gnucash,gnucash,3968,884,C,72,54200,56,SLOW,56 dias (mediana) entre releases
patriksimek,vm2,3954,312,JavaScript,21,3800,54,SLOW,54 dias (mediana) entre releases
stephane,libmodbus,3947,1888,C,25,7200,142,SLOW,142 dias (mediana) entre releases
opensourcepos,opensourcepos,3937,2405,PHP,28,23800,118.0,SLOW,118.0 dias (mediana) entre releases
yeoman,yo,3930,402,JavaScript,46,6400,53,SLOW,53 dias (mediana) entre releases
linkedin,Burrow,3921,812,Go,28,12200,89,SLOW,89 dias (mediana) entre releases
jquery,jquery-mousewheel,3910,1671,JavaScript,21,1400,60.0,SLOW,60.0 dias (mediana) entre releases
rusqlite,rusqlite,3899,432,Rust,43,14200,56,SLOW,56 dias (mediana) entre releases
picocms,Pico,3896,613,PHP,29,4500,70.0,SLOW,70.0 dias (mediana) entre releases
projectM-visualizer,projectm,3895,421,C++,34,10000,64,SLOW,64 dias (mediana) entre releases
icsharpcode,SharpZipLib,3890,1000,C#,20,6400,128,SLOW,128 dias (mediana) entre releases
kubernetes-client,java,3889,2056,Java,56,18400,52,SLOW,52 dias (mediana) entre releases
FRRouting,frr,3888,1406,C,75,71600,56.5,SLOW,56.5 dias (mediana) entre releases
moment,moment-timezone,3878,836,JavaScript,61,5300,62.0,SLOW,62.0 dias (mediana) entre releases
desandro,draggabilly,3875,384,JavaScript,26,600,52,SLOW,52 dias (mediana) entre releases
francoischalifour,medium-zoom,3871,171,JavaScript,21,1400,66,SLOW,66 dias (mediana) entre releases
osm-search,Nominatim,3867,781,Python,41,12000,97.0,SLOW,97.0 dias (mediana) entre releases
darold,pgbadger,3865,360,Perl,29,8900,109.5,SLOW,109.5 dias (mediana) entre releases
mapnik,mapnik,3861,832,C++,26,13600,57,SLOW,57 dias (mediana) entre releases
Dimezis,BlurView,3860,363,Java,32,1000,91,SLOW,91 dias (mediana) entre releases
picoe,Eto,3859,343,C#,39,7800,59,SLOW,59 dias (mediana) entre releases
osfans,trime,3846,422,Kotlin,34,4000,60,SLOW,60 dias (mediana) entre releases
webpack,tapable,3837,399,JavaScript,27,3500,71,SLOW,71 dias (mediana) entre releases
pika,pika,3835,850,Python,25,22400,80.5,SLOW,80.5 dias (mediana) entre releases
django-guardian,django-guardian,3833,585,Python,20,17800,61,SLOW,61 dias (mediana) entre releases
srsran,srsRAN_4G,3824,1230,C++,27,9900,89.5,SLOW,89.5 dias (mediana) entre releases
frangoteam,FUXA,3822,1072,TypeScript,42,5800,57.0,SLOW,57.0 dias (mediana) entre releases
apple,swift-log,3818,331,Swift,20,8700,106,SLOW,106 dias (mediana) entre releases
puckel,docker-airflow,3810,564,Shell,39,3600,51,SLOW,51 dias (mediana) entre releases
uncss,grunt-uncss,3807,173,HTML,31,2000,55,SLOW,55 dias (mediana) entre releases
pkluz,PKHUD,3790,497,Swift,21,5000,96.0,SLOW,96.0 dias (mediana) entre releases
dremin,RetroBar,3784,311,C#,23,6300,65.0,SLOW,65.0 dias (mediana) entre releases
mandiant,flare-floss,3780,502,Python,30,4600,125,SLOW,125 dias (mediana) entre releases
frejs,fre,3751,350,TypeScript,21,7700,51.0,SLOW,51.0 dias (mediana) entre releases
VsVim,VsVim,3743,415,C#,21,7500,135.5,SLOW,135.5 dias (mediana) entre releases
kasketis,netfox,3736,390,Swift,39,5700,180.5,SLOW,180.5 dias (mediana) entre releases
flasgger,flasgger,3729,527,Python,24,11200,69,SLOW,69 dias (mediana) entre releases
maruel,panicparse,3706,102,Go,21,1600,56.5,SLOW,56.5 dias (mediana) entre releases
hanickadot,compile-time-regular-expressions,3701,203,C++,27,3300,78,SLOW,78 dias (mediana) entre releases
Kotlin,dokka,3699,466,Kotlin,50,15700,54,SLOW,54 dias (mediana) entre releases
piroor,treestyletab,3689,292,JavaScript,44,9800,57,SLOW,57 dias (mediana) entre releases
grpc-ecosystem,grpc-spring,3685,863,Java,34,8100,59.5,SLOW,59.5 dias (mediana) entre releases
davidstutz,bootstrap-multiselect,3680,1967,HTML,20,11900,73,SLOW,73 dias (mediana) entre releases
oblador,react-native-progress,3674,517,JavaScript,23,3900,78.5,SLOW,78.5 dias (mediana) entre releases
jwt,ruby-jwt,3663,375,Ruby,36,14500,89,SLOW,89 dias (mediana) entre releases
pgbouncer,pgbouncer,3646,520,C,23,10800,101.5,SLOW,101.5 dias (mediana) entre releases
abhiTronix,vidgear,3635,273,Python,23,1500,77.0,SLOW,77.0 dias (mediana) entre releases
kamiyaa,joshuto,3633,161,Rust,22,7600,100.5,SLOW,100.5 dias (mediana) entre releases
upper,db,3626,239,Go,39,4100,69.0,SLOW,69.0 dias (mediana) entre releases
fatfreecrm,fat_free_crm,3625,1326,Ruby,40,15300,113.0,SLOW,113.0 dias (mediana) entre releases
clojure-emacs,cider,3615,651,Emacs Lisp,55,35300,71.0,SLOW,71.0 dias (mediana) entre releases
spockframework,spock,3614,476,Java,26,13100,121,SLOW,121 dias (mediana) entre releases
sjtug,SJTUThesis,3612,797,TeX,23,4800,146,SLOW,146 dias (mediana) entre releases
knadh,koanf,3610,181,Go,24,6100,54,SLOW,54 dias (mediana) entre releases
jkbrzt,rrule,3606,539,TypeScript,27,7200,95,SLOW,95 dias (mediana) entre releases
luarocks,luarocks,3600,467,Lua,68,11800,73.5,SLOW,73.5 dias (mediana) entre releases
pavel-odintsov,fastnetmon,3597,578,C++,20,5500,100.0,SLOW,100.0 dias (mediana) entre releases
pwntester,ysoserial.net,3596,520,C#,20,3800,57.0,SLOW,57.0 dias (mediana) entre releases
jimsalterjrs,sanoid,3582,336,Perl,20,10300,160.5,SLOW,160.5 dias (mediana) entre releases
askama-rs,askama-old,3581,219,Rust,20,13200,59,SLOW,59 dias (mediana) entre releases
WordPress,Requests,3579,503,PHP,22,7200,76,SLOW,76 dias (mediana) entre releases
mcuadros,ofelia,3571,198,Go,30,3500,50.5,SLOW,50.5 dias (mediana) entre releases
google,nsjail,3563,293,C++,25,5400,55.5,SLOW,55.5 dias (mediana) entre releases
thoughtbot,shoulda-matchers,3560,911,Ruby,25,33400,132,SLOW,132 dias (mediana) entre releases
conduktor,kafka-stack-docker-compose,3560,1310,Shell,22,2800,73.5,SLOW,73.5 dias (mediana) entre releases
microcosm-cc,bluemonday,3559,190,Go,26,4200,60,SLOW,60 dias (mediana) entre releases
pytorch,text,3559,814,Python,31,15500,72.0,SLOW,72.0 dias (mediana) entre releases
dunglas,vulcain,3558,106,Go,21,2300,67.0,SLOW,67.0 dias (mediana) entre releases
ngxs,store,3556,406,TypeScript,28,17600,75,SLOW,75 dias (mediana) entre releases
google,deepvariant,3551,767,Python,24,4000,133,SLOW,133 dias (mediana) entre releases
cilium,pwru,3551,208,C,20,5000,57.0,SLOW,57.0 dias (mediana) entre releases
LinShunKang,MyPerf4J,3550,561,Java,24,800,53,SLOW,53 dias (mediana) entre releases
citusdata,pg_cron,3548,231,C,23,5800,142.0,SLOW,142.0 dias (mediana) entre releases
thephpleague,fractal,3544,348,PHP,21,9300,100.5,SLOW,100.5 dias (mediana) entre releases
ctimmerm,axios-mock-adapter,3543,255,JavaScript,38,7400,65,SLOW,65 dias (mediana) entre releases
opendilab,DI-engine,3542,417,Python,22,5300,52,SLOW,52 dias (mediana) entre releases
awslabs,deequ,3540,573,Scala,30,8100,83.5,SLOW,83.5 dias (mediana) entre releases
tensorflow,hub,3521,1651,Python,20,10600,84,SLOW,84 dias (mediana) entre releases
JamieMason,ImageOptim-CLI,3513,127,TypeScript,20,1800,127,SLOW,127 dias (mediana) entre releases
premake,premake-core,3511,642,C,20,23700,104,SLOW,104 dias (mediana) entre releases
ueberauth,guardian,3503,386,Elixir,33,17400,79.0,SLOW,79.0 dias (mediana) entre releases
microsoft,hummingbird,3499,286,Python,25,3900,59.5,SLOW,59.5 dias (mediana) entre releases
vispy,vispy,3496,626,Python,40,20600,53,SLOW,53 dias (mediana) entre releases
opencontainers,runtime-spec,3489,594,Go,21,13000,82.0,SLOW,82.0 dias (mediana) entre releases
primus,eventemitter3,3487,230,JavaScript,25,2900,101,SLOW,101 dias (mediana) entre releases
joeyism,linkedin_scraper,3482,820,Python,25,3000,79,SLOW,79 dias (mediana) entre releases
CVCalendar,CVCalendar,3481,610,Swift,28,5700,58,SLOW,58 dias (mediana) entre releases
thomasdondorf,puppeteer-cluster,3480,326,TypeScript,26,1600,61,SLOW,61 dias (mediana) entre releases
holoviz,datashader,3478,378,Python,40,6200,65,SLOW,65 dias (mediana) entre releases
vernemq,vernemq,3463,416,Erlang,50,6600,51.0,SLOW,51.0 dias (mediana) entre releases
go-jet,jet,3457,167,Go,21,5000,101.5,SLOW,101.5 dias (mediana) entre releases
introlab,rtabmap,3456,872,C++,35,5800,59.0,SLOW,59.0 dias (mediana) entre releases
web-push-libs,web-push,3452,313,JavaScript,23,5800,74.5,SLOW,74.5 dias (mediana) entre releases
geany,geany,3451,643,C,23,24400,122.0,SLOW,122.0 dias (mediana) entre releases
mvscode,frps-onekey,3442,857,Shell,35,700,57.5,SLOW,57.5 dias (mediana) entre releases
mpromonet,webrtc-streamer,3431,646,C++,38,2300,54,SLOW,54 dias (mediana) entre releases
ReactiveX,rxdart,3430,277,Dart,40,5000,51.0,SLOW,51.0 dias (mediana) entre releases
microsoft,DirectXShaderCompiler,3426,806,C++,21,16900,102.0,SLOW,102.0 dias (mediana) entre releases
malcommac,SwiftLocation,3423,434,Swift,20,3800,76,SLOW,76 dias (mediana) entre releases
odriverobotics,ODrive,3420,1636,C++,26,8500,56,SLOW,56 dias (mediana) entre releases
freshOS,Stevia,3417,220,Swift,38,3200,58,SLOW,58 dias (mediana) entre releases
Haivision,srt,3412,910,C++,33,13400,55.0,SLOW,55.0 dias (mediana) entre releases
oblador,react-native-keychain,3411,530,Kotlin,40,10200,55.5,SLOW,55.5 dias (mediana) entre releases
deepjyoti30,ytmdl,3407,171,Python,23,1900,83,SLOW,83 dias (mediana) entre releases
spdk,spdk,3398,1286,C,54,48400,56,SLOW,56 dias (mediana) entre releases
nicksnyder,go-i18n,3398,285,Go,36,5600,61,SLOW,61 dias (mediana) entre releases
apache,linkis,3397,1169,Java,33,19900,55,SLOW,55 dias (mediana) entre releases
SciSharp,TensorFlow.NET,3385,540,C#,20,9500,63,SLOW,63 dias (mediana) entre releases
libgit2,libgit2sharp,3383,914,C#,22,14300,112.5,SLOW,112.5 dias (mediana) entre releases
Aleksoid1978,MPC-BE,3380,129,C,24,1900,57,SLOW,57 dias (mediana) entre releases
KhronosGroup,glslang,3373,919,C++,48,34600,55.5,SLOW,55.5 dias (mediana) entre releases
vitabaks,autobase,3370,537,TypeScript,22,6700,93,SLOW,93 dias (mediana) entre releases
DarthSim,overmind,3357,90,Go,30,3000,52.0,SLOW,52.0 dias (mediana) entre releases
bdwgc,bdwgc,3355,429,C,66,20100,63.0,SLOW,63.0 dias (mediana) entre releases
mxschmitt,action-tmate,3353,317,JavaScript,28,2500,66,SLOW,66 dias (mediana) entre releases
unikraft,unikraft,3343,1433,C,22,11900,68,SLOW,68 dias (mediana) entre releases
MobileNativeFoundation,Store,3341,215,Kotlin,20,9400,71.5,SLOW,71.5 dias (mediana) entre releases
typelift,Swiftz,3335,232,Swift,21,4700,62.0,SLOW,62.0 dias (mediana) entre releases
DanielMartinus,Konfetti,3330,313,Kotlin,20,2800,92,SLOW,92 dias (mediana) entre releases
Revolutionary-Games,Thrive,3330,565,C#,52,55500,69,SLOW,69 dias (mediana) entre releases
maciejhirsz,logos,3329,148,Rust,24,6300,125.0,SLOW,125.0 dias (mediana) entre releases
xnimorz,use-debounce,3325,116,TypeScript,28,3600,66.0,SLOW,66.0 dias (mediana) entre releases
libarchive,libarchive,3325,838,C,28,36200,98,SLOW,98 dias (mediana) entre releases
davidhu2000,react-spinners,3323,283,TypeScript,20,2800,124,SLOW,124 dias (mediana) entre releases
collectd,collectd,3323,1252,C,26,69000,52,SLOW,52 dias (mediana) entre releases
facebookresearch,habitat-sim,3309,489,C++,28,6100,93.5,SLOW,93.5 dias (mediana) entre releases
prometheus-community,postgres_exporter,3298,803,Go,39,15800,58,SLOW,58 dias (mediana) entre releases
eclipse-threadx,threadx,3298,889,C,22,3300,65,SLOW,65 dias (mediana) entre releases
openseadragon,openseadragon,3298,679,JavaScript,29,22800,134,SLOW,134 dias (mediana) entre releases
django-oauth,django-oauth-toolkit,3295,819,Python,30,27500,108,SLOW,108 dias (mediana) entre releases
adafruit,Adafruit_NeoPixel,3295,1306,C++,63,8700,51.0,SLOW,51.0 dias (mediana) entre releases
ekalinin,github-markdown-toc,3285,2721,Shell,22,4300,135,SLOW,135 dias (mediana) entre releases
jupyter-widgets,ipywidgets,3282,963,TypeScript,25,22600,52.0,SLOW,52.0 dias (mediana) entre releases
mridgers,clink,3282,283,C,20,1500,138.0,SLOW,138.0 dias (mediana) entre releases
shouldly,shouldly,3281,426,C#,33,12400,63.5,SLOW,63.5 dias (mediana) entre releases
kubernetes,node-problem-detector,3279,680,Go,40,16200,62,SLOW,62 dias (mediana) entre releases
