owner,name,full_name,stargazer_count,fork_count,language,total_releases,avg_release_interval_days,release_type,collaborator_count,sonarqube_analyzed,sonarqube_analyzed_at,bugs,vulnerabilities,code_smells,sqale_index,coverage,duplicated_lines_density,ncloc,complexity,cognitive_complexity,reliability_rating,security_rating,sqale_rating,alert_status
massgravel,Microsoft-Activation-Scripts,massgravel/Microsoft-Activation-Scripts,156094,15068,Batchfile,27,54.0,slow,700,True,2025-11-16T17:24:19.947500,3,0,1,20,0.0,0.0,3,1,0,3.0,1.0,4.0,OK
Genymobile,scrcpy,Genymobile/scrcpy,131088,12276,C,49,62.0,slow,15600,False,,,,,,,,,,,,,,
neovim,neovim,neovim/neovim,94249,6414,Vim Script,47,62.0,slow,134400,True,2025-11-16T17:25:20.415147,1,0,101,918,0.0,0.0,1542,410,557,2.0,1.0,1.0,OK
gin-gonic,gin,gin-gonic/gin,86983,8488,Go,28,119.0,slow,49300,True,2025-11-16T17:24:23.561777,0,0,374,3793,0.0,6.6,16675,2237,1531,1.0,1.0,1.0,OK
bitcoin,bitcoin,bitcoin/bitcoin,86799,38204,C++,60,64.0,slow,126800,True,2025-11-16T17:25:45.762641,24,0,930,6286,0.0,0.1,60719,8139,7283,3.0,1.0,1.0,OK
opencv,opencv,opencv/opencv,84895,56378,C++,66,84.0,slow,234300,False,,,,,,,,,,,,,,
animate-css,animate.css,animate-css/animate.css,82446,16150,CSS,22,73.5,slow,13000,True,2025-11-16T17:24:42.157413,20,0,29,148,0.0,3.5,7654,47,12,3.0,1.0,1.0,OK
tesseract-ocr,tesseract,tesseract-ocr/tesseract,70891,10385,C++,34,100.0,slow,22500,False,,,,,,,,,,,,,,
hakimel,reveal.js,hakimel/reveal.js,69837,16780,JavaScript,49,83.0,slow,35900,True,2025-11-16T17:25:32.820525,16,14,723,4283,0.0,0.8,14367,1992,2191,5.0,4.0,1.0,OK
danielmiessler,SecLists,danielmiessler/SecLists,66923,24773,PHP,29,96.0,slow,34900,False,,,,,,,,,,,,,,
scikit-learn,scikit-learn,scikit-learn/scikit-learn,64029,26437,Python,48,61.0,slow,343900,True,2025-11-16T17:27:10.475405,298,0,8255,35611,0.0,1.0,235167,26194,24578,5.0,1.0,1.0,OK
scrapy,scrapy,scrapy/scrapy,58946,11147,Python,43,68.0,slow,68700,True,2025-11-16T17:27:00.734283,92,40,480,2543,0.0,2.4,56673,8046,4196,5.0,5.0,1.0,OK
h5bp,html5-boilerplate,h5bp/html5-boilerplate,57267,12312,JavaScript,34,76.0,slow,31100,True,2025-11-16T17:26:36.845312,0,0,19,89,0.0,31.6,456,36,12,1.0,1.0,1.0,OK
jgthms,bulma,jgthms/bulma,49987,3934,CSS,22,112.5,slow,42900,True,2025-11-16T17:29:32.542046,161,0,1064,3274,0.0,3.0,143914,1687,363,5.0,1.0,1.0,OK
skylot,jadx,skylot/jadx,46140,5330,Java,32,89.0,slow,14600,False,,,,,,,,,,,,,,
acmesh-official,acme.sh,acmesh-official/acme.sh,44551,5404,Shell,45,67.0,slow,66200,True,2025-11-16T17:27:03.503977,0,0,5,19,0.0,0.0,67,0,0,1.0,1.0,1.0,OK
Leaflet,Leaflet,Leaflet/Leaflet,43941,6038,JavaScript,34,53.0,slow,101300,True,2025-11-16T17:28:22.244565,2495,0,1187,5453,0.0,54.8,76339,4556,1758,4.0,1.0,1.0,OK
coreybutler,nvm-windows,coreybutler/nvm-windows,43659,3666,Go,23,74.5,slow,8800,True,2025-11-16T17:27:58.560591,0,0,62,1084,0.0,0.8,4192,986,1479,1.0,1.0,1.0,OK
spf13,cobra,spf13/cobra,42409,3024,Go,26,127.0,slow,31900,True,2025-11-16T17:27:55.533968,0,0,178,2694,0.0,12.6,12824,2014,1984,1.0,1.0,1.0,OK
ziglang,zig,ziglang/zig,42306,3111,Zig,21,172.0,slow,132200,True,2025-11-16T17:34:31.548925,10,0,137,971,0.0,0.1,3302,665,503,5.0,1.0,1.0,OK
tmux,tmux,tmux/tmux,39645,2309,C,37,164.0,slow,3900,True,2025-11-16T17:27:57.994387,0,0,0,0,0.0,0.0,0,0,0,1.0,1.0,1.0,OK
koalaman,shellcheck,koalaman/shellcheck,38429,1883,Haskell,30,138.0,slow,16800,True,2025-11-16T17:28:40.111718,0,0,41,196,0.0,0.0,149,0,0,1.0,1.0,1.0,OK
google,leveldb,google/leveldb,38335,8079,C++,21,67.5,slow,7200,True,2025-11-16T17:28:49.112299,19,0,0,0,0.0,0.0,420,1,0,3.0,1.0,1.0,OK
facebookresearch,faiss,facebookresearch/faiss,37968,4110,C++,21,112.5,slow,25600,True,2025-11-16T17:29:02.233896,32,1,1942,7268,0.0,3.0,29396,4260,4052,5.0,4.0,1.0,OK
httpie,cli,httpie/cli,37015,3781,Python,47,61.0,slow,17200,True,2025-11-16T17:29:22.865431,4,1,153,997,0.0,0.0,14293,1969,1546,5.0,4.0,1.0,OK
huiyadanli,RevokeMsgPatcher,huiyadanli/RevokeMsgPatcher,35560,3826,C#,21,62.5,slow,500,True,2025-11-16T17:29:25.538279,0,0,0,0,0.0,0.0,28,0,0,1.0,1.0,1.0,OK
microsoft,qlib,microsoft/qlib,33725,5211,Python,23,51.0,slow,14400,True,2025-11-16T17:30:00.219905,32,0,1593,7261,0.0,5.4,43372,7629,7028,5.0,1.0,1.0,OK
zxing,zxing,zxing/zxing,33695,9428,Java,32,111.0,slow,17900,False,,,,,,,,,,,,,,
beego,beego,beego/beego,32336,5628,Go,42,51.0,slow,52600,True,2025-11-16T17:30:22.107740,0,0,206,4492,0.0,3.7,35991,7747,8264,1.0,1.0,1.0,OK
binarywang,WxJava,binarywang/WxJava,32156,8999,Java,30,89.0,slow,54500,False,,,,,,,,,,,,,,
parallax,jsPDF,parallax/jsPDF,30786,4775,JavaScript,37,52.0,slow,22000,True,2025-11-16T17:31:28.170597,840,0,7840,44496,0.0,14.4,109554,10602,18242,5.0,1.0,1.0,OK
restic,restic,restic/restic,30786,1673,Go,49,55.0,slow,45300,True,2025-11-16T17:31:40.557678,0,0,518,6080,0.0,1.6,65424,10627,11507,1.0,1.0,1.0,OK
nicolargo,glances,nicolargo/glances,30553,1639,Python,54,56.0,slow,21000,True,2025-11-16T17:31:47.266107,276,0,3310,8517,0.0,1.4,22582,4442,4438,3.0,1.0,1.0,OK
apolloconfig,apollo,apolloconfig/apollo,29702,10224,Java,41,51.5,slow,20100,False,,,,,,,,,,,,,,
encode,django-rest-framework,encode/django-rest-framework,29664,7036,Python,21,86.5,slow,145900,True,2025-11-16T17:32:37.849849,35,6,1057,5854,0.0,2.7,41952,5670,4092,5.0,5.0,1.0,OK
spf13,viper,spf13/viper,29559,2085,Go,35,72.0,slow,19000,True,2025-11-16T17:32:12.375760,0,0,65,544,0.0,7.3,5136,790,507,1.0,1.0,1.0,OK
xuxueli,xxl-job,xuxueli/xxl-job,29550,11371,Java,39,54.5,slow,10700,False,,,,,,,,,,,,,,
alibaba,canal,alibaba/canal,29465,7672,Java,32,108.0,slow,24500,False,,,,,,,,,,,,,,
raysan5,raylib,raysan5/raylib,29274,2773,C,24,163.0,slow,83600,True,2025-11-16T17:32:56.282748,1,1,8,21,0.0,0.5,8382,2,0,3.0,3.0,1.0,OK
alibaba,spring-cloud-alibaba,alibaba/spring-cloud-alibaba,28867,8498,Java,50,69.0,slow,21200,False,,,,,,,,,,,,,,
ChartsOrg,Charts,ChartsOrg/Charts,27968,6047,Swift,38,71.0,slow,19000,True,2025-11-16T17:32:45.196392,0,0,0,0,0.0,0.0,0,0,0,1.0,1.0,1.0,OK
gabime,spdlog,gabime/spdlog,27639,4956,C++,44,63.5,slow,44100,True,2025-11-16T17:32:56.853613,0,0,1,5,0.0,0.0,12,2,3,1.0,1.0,1.0,OK
sharkdp,hyperfine,sharkdp/hyperfine,26704,429,Rust,25,73.5,slow,11600,True,2025-11-16T17:33:16.715171,0,0,4,24,0.0,8.2,5552,620,354,1.0,1.0,1.0,OK
cmderdev,cmder,cmderdev/cmder,26644,2079,PowerShell,34,103.5,slow,15700,True,2025-11-16T17:33:19.109110,0,0,0,0,0.0,0.0,0,0,0,1.0,1.0,1.0,OK
nsqio,nsq,nsqio/nsq,25801,2909,Go,31,64.0,slow,14200,True,2025-11-16T17:33:51.013407,3,0,391,2898,0.0,11.8,26022,2998,2844,3.0,1.0,1.0,OK
Modernizr,Modernizr,Modernizr/Modernizr,25667,2963,JavaScript,27,53.5,slow,33400,True,2025-11-16T17:34:14.178646,4,1,1587,11500,0.0,6.9,8716,2352,1346,4.0,4.0,1.0,OK
stretchr,testify,stretchr/testify,25421,1680,Go,25,112.0,slow,31300,True,2025-11-16T17:33:44.011795,0,0,351,2573,0.0,2.6,16491,3341,2357,1.0,1.0,1.0,OK
google,flatbuffers,google/flatbuffers,25030,3426,C++,43,55.0,slow,72400,False,,,,,,,,,,,,,,
goldfire,howler.js,goldfire/howler.js,24985,2272,JavaScript,25,83.0,slow,11100,True,2025-11-16T17:34:11.539464,9,0,223,1059,0.0,8.3,2224,288,105,5.0,1.0,1.0,OK
hashcat,hashcat,hashcat/hashcat,24724,3298,C,28,51.0,slow,21300,True,2025-11-16T17:35:41.431546,232,4,109,580,0.0,3.9,6156,767,739,3.0,4.0,1.0,OK
typesense,typesense,typesense/typesense,24687,829,C++,34,71.0,slow,5200,True,2025-11-16T17:35:02.926604,3,0,233,1102,0.0,34.0,10850,1509,613,3.0,1.0,1.0,OK
apache,skywalking,apache/skywalking,24587,6627,Java,63,53.5,slow,51300,False,,,,,,,,,,,,,,
go-delve,delve,go-delve/delve,24378,2195,Go,37,66.0,slow,26100,True,2025-11-16T20:30:46.098566,1,0,1229,16765,0.0,3.9,94886,20310,24799,C,A,A,OK
cookiecutter,cookiecutter,cookiecutter/cookiecutter,24310,2167,Python,29,85.0,slow,33000,True,2025-11-16T17:35:06.154332,1,2,18,201,0.0,1.0,6296,730,445,4.0,5.0,1.0,OK
heartcombo,devise,heartcombo/devise,24287,5528,Ruby,21,134.0,slow,71000,True,2025-11-16T17:35:29.732230,4,0,135,1387,0.0,1.7,12161,1312,716,3.0,1.0,1.0,OK
usablica,intro.js,usablica/intro.js,23717,2576,TypeScript,41,67.0,slow,12100,True,2025-11-16T17:36:08.858286,50,0,366,2496,0.0,8.8,16032,1553,892,5.0,1.0,1.0,OK
iBotPeaches,Apktool,iBotPeaches/Apktool,23333,3847,Java,27,109.5,slow,12400,False,,,,,,,,,,,,,,
alibaba,Sentinel,alibaba/Sentinel,22986,8147,Java,26,77.0,slow,19800,False,,,,,,,,,,,,,,
chalk,chalk,chalk/chalk,22810,893,JavaScript,32,101.0,slow,6500,True,2025-11-16T17:35:58.288958,2,0,8,37,0.0,0.0,635,114,45,3.0,1.0,1.0,OK
js-cookie,js-cookie,js-cookie/js-cookie,22741,2076,JavaScript,36,66.0,slow,6200,True,2025-11-16T17:36:02.929725,7,0,104,532,0.0,47.3,2134,252,42,3.0,1.0,1.0,OK
MagicMirrorOrg,MagicMirror,MagicMirrorOrg/MagicMirror,22686,4464,JavaScript,49,91.0,slow,35900,True,2025-11-16T17:36:40.165447,10,0,537,3354,0.0,4.8,16265,3235,2497,5.0,1.0,1.0,OK
Tencent,ncnn,Tencent/ncnn,22266,4350,C++,47,63.0,slow,34800,True,2025-11-16T17:37:48.475731,2,0,330,1827,0.0,34.2,38863,6868,6386,3.0,1.0,1.0,OK
apache,rocketmq,apache/rocketmq,22211,11972,Java,22,72.5,slow,68500,False,,,,,,,,,,,,,,
uutils,coreutils,uutils/coreutils,22175,1641,Rust,34,54.5,slow,74500,True,2025-11-16T17:38:16.998239,0,0,227,1433,0.0,6.5,165305,22581,14403,1.0,1.0,1.0,OK
necolas,react-native-web,necolas/react-native-web,22056,1831,JavaScript,25,94.0,slow,21200,True,2025-11-16T17:38:49.869953,8,0,879,5806,0.0,7.3,29531,4617,2294,4.0,1.0,1.0,OK
AlDanial,cloc,AlDanial/cloc,22020,1084,Perl,23,174.0,slow,13600,False,,,,,,,,,,,,,,
iovisor,bcc,iovisor/bcc,21940,4017,C,27,71.0,slow,70200,True,2025-11-16T17:37:50.657644,4,0,561,4662,0.0,3.6,44733,4952,7016,4.0,1.0,1.0,OK
pugjs,pug,pugjs/pug,21837,1948,JavaScript,25,397.5,slow,25100,True,2025-11-16T17:38:09.033261,137,0,1214,7536,0.0,4.2,9101,1666,1229,3.0,1.0,1.0,OK
Seldaek,monolog,Seldaek/monolog,21356,1904,PHP,74,54.0,slow,55700,True,2025-11-16T17:38:37.089447,15,0,260,3002,0.0,2.3,16936,2486,1354,3.0,1.0,1.0,OK
HandBrake,HandBrake,HandBrake/HandBrake,21343,1533,C,51,51.5,slow,15000,True,2025-11-16T17:39:34.668165,21,0,280,2096,0.0,1.6,4200,1058,1084,4.0,1.0,1.0,OK
micropython,micropython,micropython/micropython,21094,8532,C,24,123.0,slow,70500,True,2025-11-16T17:41:21.822745,532,10,2051,13908,0.0,5.2,70620,9703,12683,5.0,4.0,1.0,OK
pqrs-org,Karabiner-Elements,pqrs-org/Karabiner-Elements,20970,882,C++,45,51.0,slow,5100,True,2025-11-16T17:40:46.960959,15,0,311,3989,0.0,0.8,6130,1431,2334,5.0,1.0,1.0,OK
jarun,nnn,jarun/nnn,20839,785,C,42,56.5,slow,21200,True,2025-11-16T17:39:01.177467,0,0,0,0,0.0,0.0,11,2,0,1.0,1.0,1.0,OK
apache,mxnet,apache/mxnet,20832,6752,C++,34,64.0,slow,98600,True,2025-11-16T17:41:28.216467,178,4,3545,27259,0.0,4.7,126119,22836,24874,5.0,4.0,1.0,OK
mybatis,mybatis-3,mybatis/mybatis-3,20286,12959,Java,46,108.0,slow,28300,False,,,,,,,,,,,,,,
ReactiveX,RxAndroid,ReactiveX/RxAndroid,20187,2952,Java,20,69.0,slow,8000,False,,,,,,,,,,,,,,
getsops,sops,getsops/sops,19939,981,Go,32,60.0,slow,18900,True,2025-11-16T17:40:11.436379,0,1,311,3175,0.0,6.9,20897,3030,3113,1.0,5.0,1.0,OK
qax-os,excelize,qax-os/excelize,19923,1851,Go,25,116.0,slow,28800,True,2025-11-16T17:42:04.029713,0,0,1250,27118,0.0,3.2,66285,10556,11745,1.0,1.0,1.0,OK
onnx,onnx,onnx/onnx,19876,3827,Python,34,76.5,slow,36500,True,2025-11-16T17:45:58.457501,16,0,1764,10467,0.0,11.0,78223,6867,6372,5.0,1.0,1.0,OK
facebook,prophet,facebook/prophet,19783,4642,Python,23,143.0,slow,18800,True,2025-11-16T17:41:19.756218,34,0,120,876,0.0,0.2,7668,732,710,4.0,1.0,1.0,OK
ahmetb,kubectx,ahmetb/kubectx,19198,1342,Go,21,82.5,slow,6400,True,2025-11-16T17:41:31.854633,0,0,53,244,0.0,6.7,2354,465,396,1.0,1.0,1.0,OK
antlr,antlr4,antlr/antlr4,18508,3410,Java,31,106.0,slow,42100,False,,,,,,,,,,,,,,
facebook,yoga,facebook/yoga,18424,1504,C++,33,52.0,slow,31700,False,,,,,,,,,,,,,,
Orange-OpenSource,hurl,Orange-OpenSource/hurl,18109,694,Rust,28,53.0,slow,8700,True,2025-11-16T17:43:31.129193,11,1,142,735,0.0,25.2,86719,8297,4041,3.0,4.0,1.0,OK
tj,git-extras,tj/git-extras,17861,1221,Shell,25,181.0,slow,28700,True,2025-11-16T17:42:33.519602,78,0,333,496,0.0,38.0,9391,223,95,3.0,1.0,1.0,OK
microsoft,LightGBM,microsoft/LightGBM,17839,3963,C++,34,61.0,slow,33400,True,2025-11-16T17:42:48.542207,12,0,272,2366,0.0,3.9,17675,2146,2476,4.0,1.0,1.0,OK
reduxjs,redux-thunk,reduxjs/redux-thunk,17739,1029,TypeScript,20,75.0,slow,5400,True,2025-11-16T17:42:52.772637,0,0,15,225,0.0,0.0,330,62,6,1.0,1.0,1.0,OK
RPCS3,rpcs3,RPCS3/rpcs3,17685,2137,C++,40,62.0,slow,36600,True,2025-11-16T17:43:18.234931,0,0,0,0,0.0,0.0,53,0,0,1.0,1.0,1.0,OK
aframevr,aframe,aframevr/aframe,17388,4249,JavaScript,32,63.0,slow,44500,True,2025-11-16T17:44:31.392180,193,1,5477,28841,0.0,7.6,43015,7313,3407,5.0,4.0,1.0,OK
apache,brpc,apache/brpc,17371,4072,C++,24,92.0,slow,28200,True,2025-11-16T17:43:54.065123,0,0,35,199,0.0,0.0,520,99,98,1.0,1.0,1.0,OK
pytorch,vision,pytorch/vision,17313,7176,Python,51,63.0,slow,66400,False,,,,,,,,,,,,,,
baomidou,mybatis-plus,baomidou/mybatis-plus,17193,4425,Java,38,65.0,slow,24700,False,,,,,,,,,,,,,,
OpenEmu,OpenEmu,OpenEmu/OpenEmu,17023,1308,Swift,27,98.0,slow,12700,True,2025-11-16T17:44:44.243334,0,0,13,17,0.0,0.0,2416,0,0,1.0,1.0,1.0,OK
tinygo-org,tinygo,tinygo-org/tinygo,16830,996,Go,47,50.5,slow,21900,True,2025-11-16T17:45:52.689946,29,0,1430,12595,0.0,7.0,109235,19605,17973,3.0,1.0,1.0,OK
leon-ai,leon,leon-ai/leon,16788,1410,TypeScript,20,58.0,slow,2100,True,2025-11-16T17:45:48.904282,35,0,684,3554,0.0,1.5,25682,3239,3383,5.0,1.0,1.0,OK
upx,upx,upx/upx,16739,1466,C++,20,81.5,slow,2100,True,2025-11-16T17:45:07.141909,8,0,125,1318,0.0,2.0,2216,385,675,5.0,1.0,1.0,OK
kubesphere,kubesphere,kubesphere/kubesphere,16714,2705,Go,28,100.0,slow,17600,True,2025-11-16T17:51:11.523180,0,36,1093,9779,0.0,11.9,113366,11578,11531,1.0,3.0,1.0,OK
desandro,masonry,desandro/masonry,16670,2093,HTML,22,85.0,slow,900,True,2025-11-16T17:45:34.955172,18,0,128,606,0.0,16.2,1612,91,39,3.0,1.0,1.0,OK
upptime,upptime,upptime/upptime,16655,999,JSON,39,64.0,slow,2200,True,2025-11-16T17:45:49.569475,0,0,0,0,0.0,0.0,0,0,0,1.0,1.0,1.0,OK
uvdesk,community-skeleton,uvdesk/community-skeleton,16611,544,CSS,24,62.0,slow,4500,True,2025-11-16T17:46:29.142097,15,0,256,1568,0.0,0.7,11295,459,667,5.0,1.0,1.0,OK
slackhq,nebula,slackhq/nebula,16479,1075,Go,23,85.5,slow,7500,True,2025-11-16T17:46:48.893006,0,0,492,6211,0.0,11.4,32357,5565,6667,1.0,1.0,1.0,OK
asciinema,asciinema,asciinema/asciinema,16348,983,Rust,23,95.5,slow,6200,True,2025-11-16T17:46:44.475654,2,0,14,46,0.0,4.5,8466,877,483,3.0,1.0,1.0,OK
sqlc-dev,sqlc,sqlc-dev/sqlc,16322,966,Go,36,55.5,slow,23900,True,2025-11-16T17:52:59.303252,120,0,2908,25076,0.0,34.1,204463,24931,22969,3.0,1.0,1.0,OK
piskvorky,gensim,piskvorky/gensim,16270,4420,Python,44,54.0,slow,46200,True,2025-11-16T17:47:25.065042,54,1,1533,5058,0.0,6.6,65354,5981,5680,5.0,4.0,1.0,OK
fatih,vim-go,fatih/vim-go,16204,1430,Vim Script,44,59.0,slow,39000,True,2025-11-16T17:47:16.827814,0,0,24,463,0.0,2.6,2284,605,690,1.0,1.0,1.0,OK
mattboldt,typed.js,mattboldt/typed.js,16195,1772,JavaScript,24,54.0,slow,4200,True,2025-11-16T17:47:38.298266,71,0,220,1221,0.0,29.5,8967,285,284,4.0,1.0,1.0,OK
flarum,flarum,flarum/flarum,16087,1666,PHP,27,115.0,slow,3200,True,2025-11-16T17:47:29.772337,2,0,1,5,0.0,0.0,39,0,0,2.0,1.0,1.0,OK
fail2ban,fail2ban,fail2ban/fail2ban,15967,1409,Python,29,128.0,slow,28900,True,2025-11-16T17:48:19.915957,10,12,1729,10477,0.0,0.1,24076,4984,6557,5.0,4.0,1.0,OK
adobe-fonts,source-han-sans,adobe-fonts/source-han-sans,15935,1364,Python,20,155.0,slow,500,False,,,,,,,,,,,,,,
MaterialDesignInXAML,MaterialDesignInXamlToolkit,MaterialDesignInXAML/MaterialDesignInXamlToolkit,15893,3487,C#,44,70.0,slow,21100,True,2025-11-16T17:48:59.010872,0,0,138,384,0.0,2.0,3552,63,18,1.0,1.0,1.0,OK
janeczku,calibre-web,janeczku/calibre-web,15877,1671,Fluent,25,80.0,slow,29100,True,2025-11-16T17:49:49.395700,249,0,7406,44016,0.0,1.4,118178,18109,20616,5.0,1.0,1.0,OK
tc39,ecma262,tc39/ecma262,15535,1373,HTML,28,76.5,slow,20100,True,2025-11-16T17:49:14.430014,80,0,32,252,0.0,1.7,51159,100,46,4.0,1.0,1.0,OK
davatorium,rofi,davatorium/rofi,15335,661,C,43,52.0,slow,18000,True,2025-11-16T17:49:08.533742,0,0,0,0,0.0,0.0,570,0,0,1.0,1.0,1.0,OK
go-sql-driver,mysql,go-sql-driver/mysql,15272,2334,Go,22,128.0,slow,16600,True,2025-11-16T17:49:45.628345,0,0,118,1988,0.0,7.3,10767,2142,2911,1.0,1.0,1.0,OK
jpillora,chisel,jpillora/chisel,15244,1542,Go,33,57.0,slow,4100,True,2025-11-16T17:49:56.296362,0,0,27,193,0.0,0.8,4167,695,642,1.0,1.0,1.0,OK
lsd-rs,lsd,lsd-rs/lsd,15063,469,Rust,31,71.0,slow,18000,True,2025-11-16T17:50:00.936943,0,0,8,48,0.0,1.3,11478,1557,677,1.0,1.0,1.0,OK
polybar,polybar,polybar/polybar,15022,720,C++,24,83.0,slow,17300,True,2025-11-16T17:50:45.057866,0,0,2,10,0.0,0.0,204,24,29,1.0,1.0,1.0,OK
apprenticeharper,DeDRM_tools,apprenticeharper/DeDRM_tools,14982,1581,Python,81,52.0,slow,7100,True,2025-11-16T17:50:55.680323,24,16,1443,8222,0.0,25.1,18783,4258,5850,5.0,4.0,1.0,OK
lra,mackup,lra/mackup,14953,940,Python,32,72.0,slow,48700,True,2025-11-16T17:50:57.462054,0,0,25,235,0.0,1.3,1628,270,323,1.0,1.0,1.0,OK
laramies,theHarvester,laramies/theHarvester,14941,2336,Python,31,50.5,slow,11300,True,2025-11-16T17:50:56.403675,7,1,312,3907,0.0,1.4,8719,1952,3735,4.0,4.0,1.0,OK
caronc,apprise,caronc/apprise,14910,530,Python,56,51.0,slow,9500,True,2025-11-16T17:52:22.326324,24,2,997,6809,0.0,6.0,97921,8415,10113,5.0,5.0,1.0,OK
PuerkitoBio,goquery,PuerkitoBio/goquery,14780,927,Go,23,106.0,slow,5300,True,2025-11-16T17:52:05.110871,9,0,251,1286,0.0,0.0,7445,1242,903,3.0,1.0,1.0,OK
Perfare,AssetStudio,Perfare/AssetStudio,14757,2813,C#,24,73.5,slow,2300,True,2025-11-16T17:52:01.862535,0,0,0,0,0.0,0.0,0,0,0,1.0,1.0,1.0,OK
kubernetes-sigs,kind,kubernetes-sigs/kind,14740,1681,Go,36,60.0,slow,35500,True,2025-11-16T17:52:28.443468,7,11,258,1441,0.0,12.9,17926,2436,2450,3.0,3.0,1.0,OK
powerline,powerline,powerline/powerline,14644,1006,Python,23,85.0,slow,15300,True,2025-11-16T17:52:32.081557,14,0,384,3187,0.0,0.9,21001,3982,4789,5.0,1.0,1.0,OK
neovide,neovide,neovide/neovide,14556,580,Rust,30,51.0,slow,22200,True,2025-11-16T17:52:57.644717,2,0,28,155,0.0,0.2,18774,2796,1544,5.0,1.0,1.0,OK
FLEXTool,FLEX,FLEXTool/FLEX,14485,1770,Objective-C,31,54.5,slow,12200,True,2025-11-16T17:52:54.678956,0,0,14,34,0.0,0.0,112,11,18,1.0,1.0,1.0,OK
arduino,Arduino,arduino/Arduino,14471,6998,Java,37,72.0,slow,30400,False,,,,,,,,,,,,,,
google,brotli,google/brotli,14423,1303,TypeScript,22,78.0,slow,12000,False,,,,,,,,,,,,,,
scala,scala,scala/scala,14421,3105,Scala,78,53.5,slow,72100,False,,,,,,,,,,,,,,
shelljs,shelljs,shelljs/shelljs,14379,744,JavaScript,20,76.5,slow,9500,True,2025-11-16T17:53:57.634703,12,0,739,4757,0.0,12.1,8727,1530,1017,4.0,1.0,1.0,OK
glfw,glfw,glfw/glfw,14367,5683,C,22,103.0,slow,20300,True,2025-11-16T17:53:46.782745,0,0,3,3,0.0,0.0,5222,2,0,1.0,1.0,1.0,OK
flairNLP,flair,flairNLP/flair,14324,2131,Python,28,69.0,slow,27600,True,2025-11-16T17:54:09.849135,23,0,868,6625,0.0,3.5,38035,6354,7036,5.0,1.0,1.0,OK
keycastr,keycastr,keycastr/keycastr,14303,549,Objective-C,26,110.0,slow,2700,True,2025-11-16T17:53:42.490536,0,0,0,0,0.0,0.0,0,0,0,1.0,1.0,1.0,OK
direnv,direnv,direnv/direnv,14283,726,Go,64,55.5,slow,24800,True,2025-11-16T17:54:02.008529,0,0,15,155,0.0,1.3,4129,812,736,1.0,1.0,1.0,OK
beetbox,beets,beetbox/beets,14270,1942,Python,41,62.5,slow,62700,True,2025-11-16T17:55:05.682890,38,0,764,4660,0.0,0.6,50534,9042,8209,4.0,1.0,1.0,OK
davisking,dlib,davisking/dlib,14226,3455,C++,34,80.5,slow,20700,True,2025-11-16T17:55:33.007856,100,0,84,553,0.0,0.6,29083,325,333,4.0,1.0,1.0,OK
forwardemail,supertest,forwardemail/supertest,14226,779,JavaScript,42,65.0,slow,10300,True,2025-11-16T17:55:00.480509,1,0,71,1149,0.0,1.7,1633,390,121,3.0,1.0,1.0,OK
sogou,workflow,sogou/workflow,14178,2552,C++,32,59.0,slow,3600,True,2025-11-16T17:54:53.798858,0,0,0,0,0.0,0.0,0,0,0,1.0,1.0,1.0,OK
spotify,annoy,spotify/annoy,14022,1213,C++,20,67.0,slow,8900,True,2025-11-16T17:55:01.988860,0,0,90,516,0.0,4.3,1450,256,145,1.0,1.0,1.0,OK
sivel,speedtest-cli,sivel/speedtest-cli,13995,1934,Python,22,71.0,slow,900,True,2025-11-16T17:55:44.897382,0,0,22,229,0.0,1.8,1539,261,413,1.0,1.0,1.0,OK
json-iterator,go,json-iterator/go,13893,1059,Go,20,71.0,slow,5300,True,2025-11-16T17:55:54.512842,0,0,313,2239,0.0,5.0,16025,2655,2138,1.0,1.0,1.0,OK
sindresorhus,pure,sindresorhus/pure,13885,997,Shell,41,84.0,slow,9400,True,2025-11-16T17:55:47.446233,0,0,0,0,0.0,0.0,0,0,0,1.0,1.0,1.0,OK
apache,druid,apache/druid,13869,3761,Java,68,62.0,slow,72600,False,,,,,,,,,,,,,,
xournalpp,xournalpp,xournalpp/xournalpp,13848,961,C++,36,57.0,slow,24400,True,2025-11-16T17:56:56.337306,25,0,22,177,0.0,0.0,1408,81,128,4.0,1.0,1.0,OK
alphacep,vosk-api,alphacep/vosk-api,13625,1607,Jupyter Notebook,20,50.5,slow,4600,False,,,,,,,,,,,,,,
tink-crypto,tink,tink-crypto/tink,13559,1181,Java,21,57.5,slow,11700,False,,,,,,,,,,,,,,
mwaskom,seaborn,mwaskom/seaborn,13557,2044,Python,37,69.0,slow,21500,True,2025-11-16T17:57:04.279480,33,0,1203,7157,0.0,0.9,40818,6079,5726,5.0,1.0,1.0,OK
sql-js,sql.js,sql-js/sql.js,13413,1096,JavaScript,22,88.5,slow,5500,True,2025-11-16T17:56:50.386422,13,0,458,3037,0.0,1.5,4058,559,366,3.0,1.0,1.0,OK
fluent,fluentd,fluent/fluentd,13387,1373,Ruby,22,61.0,slow,27700,True,2025-11-16T17:58:03.880297,5,0,1032,10911,0.0,10.8,84838,9820,7904,3.0,1.0,1.0,OK
wolfpld,tracy,wolfpld/tracy,13377,903,C++,22,67.0,slow,21600,True,2025-11-16T17:57:26.243071,1,0,21,123,0.0,0.0,419,56,20,3.0,1.0,1.0,OK
tmuxinator,tmuxinator,tmuxinator/tmuxinator,13260,625,Ruby,54,61.5,slow,15400,True,2025-11-16T17:57:46.254520,0,0,29,230,0.0,0.0,4051,349,182,1.0,1.0,1.0,OK
carla-simulator,carla,carla-simulator/carla,13252,4300,C++,28,57.0,slow,18900,False,,,,,,,,,,,,,,
revel,revel,revel/revel,13239,1375,Go,24,76.0,slow,15100,True,2025-11-16T17:58:08.725116,4,0,134,1025,0.0,2.6,13626,2687,2671,3.0,1.0,1.0,OK
python-pillow,Pillow,python-pillow/Pillow,13191,2360,Python,61,77.0,slow,48900,True,2025-11-16T17:58:52.334154,70,0,784,6780,0.0,1.1,50286,7990,8119,5.0,1.0,1.0,OK
oauth2-proxy,oauth2-proxy,oauth2-proxy/oauth2-proxy,13180,1914,Go,34,59.5,slow,44400,True,2025-11-16T17:58:57.104502,1,0,371,3267,0.0,8.8,38230,3406,3077,2.0,1.0,1.0,OK
jedisct1,libsodium,jedisct1/libsodium,13154,1831,C,33,51.0,slow,14300,True,2025-11-16T17:58:49.044457,0,0,4,44,0.0,0.0,433,17,18,1.0,1.0,1.0,OK
FreshRSS,FreshRSS,FreshRSS/FreshRSS,13075,1048,PHP,63,54.5,slow,34800,True,2025-11-16T18:00:37.028247,126,4,7178,26691,0.0,29.7,120779,12995,16247,4.0,4.0,1.0,OK
gopherjs,gopherjs,gopherjs/gopherjs,13067,570,Go,22,161.0,slow,7100,True,2025-11-16T17:59:14.868968,14,0,1029,7953,0.0,6.5,33726,7012,7253,4.0,1.0,1.0,OK
isl-org,Open3D,isl-org/Open3D,12995,2494,C++,23,98.0,slow,27100,True,2025-11-16T18:00:05.507111,280,1,925,5286,0.0,5.9,34065,3471,3745,5.0,4.0,1.0,OK
jonas,tig,jonas/tig,12954,639,C,33,146.0,slow,19400,True,2025-11-16T17:59:38.806706,0,0,0,0,0.0,0.0,0,0,0,1.0,1.0,1.0,OK
PrismJS,prism,PrismJS/prism,12829,1354,JavaScript,42,64.0,slow,39800,True,2025-11-16T18:01:13.686611,138,0,1962,62428,0.0,2.6,29762,2437,2028,5.0,1.0,2.0,OK
apache,tvm,apache/tvm,12817,3699,Python,24,94.5,slow,108500,False,,,,,,,,,,,,,,
uxsolutions,bootstrap-datepicker,uxsolutions/bootstrap-datepicker,12675,5986,JavaScript,20,66.5,slow,38600,True,2025-11-16T18:00:20.287422,65,0,338,1623,0.0,26.3,6878,527,55,4.0,1.0,1.0,OK
google,or-tools,google/or-tools,12674,2305,C++,51,63.0,slow,19200,False,,,,,,,,,,,,,,
mayswind,AriaNg,mayswind/AriaNg,12662,1331,JavaScript,40,66.5,slow,1800,True,2025-11-16T18:00:58.266012,11,0,1371,7938,0.0,5.1,13724,2365,2885,3.0,1.0,1.0,OK
dail8859,NotepadNext,dail8859/NotepadNext,12657,760,C++,33,53.0,slow,5400,True,2025-11-16T18:01:38.800430,216,0,1528,7389,0.0,32.9,46576,1138,1167,5.0,1.0,1.0,OK
ninja-build,ninja,ninja-build/ninja,12438,1743,C++,27,128.0,slow,32100,True,2025-11-16T18:01:15.364997,0,0,46,213,0.0,0.0,2553,396,400,1.0,1.0,1.0,OK
cesanta,mongoose,cesanta/mongoose,12310,2862,C,48,92.0,slow,16200,True,2025-11-16T18:03:28.487606,29,0,118,670,0.0,9.1,3247,668,269,4.0,1.0,1.0,OK
fullstorydev,grpcurl,fullstorydev/grpcurl,12217,551,Go,27,77.0,slow,6300,True,2025-11-16T18:01:32.723270,0,0,162,1541,0.0,1.0,9055,1846,1799,1.0,1.0,1.0,OK
luanti-org,luanti,luanti-org/luanti,12073,2193,C++,36,96.0,slow,116400,False,,,,,,,,,,,,,,
piskelapp,piskel,piskelapp/piskel,12063,856,JavaScript,29,54.0,slow,4200,True,2025-11-16T18:02:48.465574,17,0,3548,17731,0.0,0.6,24018,4090,2285,3.0,1.0,1.0,OK
Yalantis,uCrop,Yalantis/uCrop,12054,2228,Java,20,250.0,slow,7200,False,,,,,,,,,,,,,,
DLR-RM,stable-baselines3,DLR-RM/stable-baselines3,12048,1989,Python,29,63.0,slow,16800,True,2025-11-16T18:02:32.726341,19,0,446,2429,0.0,1.3,14652,2475,2211,3.0,1.0,1.0,OK
skypjack,entt,skypjack/entt,11861,1012,C++,36,55.5,slow,8200,True,2025-11-16T18:02:28.480098,0,0,4,14,0.0,0.0,243,53,52,1.0,1.0,1.0,OK
xmartlabs,Eureka,xmartlabs/Eureka,11848,1319,Swift,35,67.0,slow,17600,True,2025-11-16T18:02:27.701914,0,0,0,0,0.0,0.0,0,0,0,1.0,1.0,1.0,OK
vesoft-inc,nebula,vesoft-inc/nebula,11823,1273,C++,26,65.0,slow,11700,True,2025-11-16T18:03:09.894862,3,0,334,1924,0.0,2.3,9063,1204,1210,3.0,1.0,1.0,OK
wenzhixin,bootstrap-table,wenzhixin/bootstrap-table,11821,4402,MDX,35,51.0,slow,36900,True,2025-11-16T18:03:44.561393,11,0,345,2137,0.0,29.1,21105,5874,3448,3.0,1.0,1.0,OK
LuckyPennySoftware,MediatR,LuckyPennySoftware/MediatR,11799,2186,C#,28,99.0,slow,9000,True,2025-11-16T18:03:21.418300,0,0,0,0,0.0,0.0,6,0,0,1.0,1.0,1.0,OK
mas-cli,mas,mas-cli/mas,11754,289,Swift,40,54.0,slow,4600,True,2025-11-16T18:03:19.453806,0,0,0,0,0.0,0.0,0,0,0,1.0,1.0,1.0,OK
libevent,libevent,libevent/libevent,11715,3458,C,20,104.0,slow,32800,True,2025-11-16T18:03:43.501902,0,0,82,560,0.0,0.0,1889,320,262,1.0,1.0,1.0,OK
YOURLS,YOURLS,YOURLS/YOURLS,11662,2061,PHP,23,229.0,slow,10400,True,2025-11-16T18:04:29.747238,209,0,1270,6517,0.0,2.0,12774,2431,1982,5.0,1.0,1.0,OK
Shopify,toxiproxy,Shopify/toxiproxy,11659,479,Go,32,74.0,slow,7900,True,2025-11-16T18:04:04.950803,0,2,79,790,0.0,6.3,6810,1187,1243,1.0,3.0,1.0,OK
SubtitleEdit,subtitleedit,SubtitleEdit/subtitleedit,11559,1127,C#,66,63.5,slow,17500,True,2025-11-16T18:05:47.335772,0,0,7,35,0.0,0.0,206443,0,0,1.0,1.0,1.0,OK
RT-Thread,rt-thread,RT-Thread/rt-thread,11541,5315,C,38,86.0,slow,107300,True,2025-11-16T20:30:46.282463,54,0,2009,11514,0.0,54.7,79881,7066,13451,E,A,A,OK
Z3Prover,z3,Z3Prover/z3,11529,1580,C++,51,56.0,slow,36800,False,,,,,,,,,,,,,,
google,sentencepiece,google/sentencepiece,11438,1307,C++,29,57.0,slow,10000,True,2025-11-16T18:04:38.011228,6,0,144,1010,0.0,0.0,2012,456,398,3.0,1.0,1.0,OK
taskflow,taskflow,taskflow/taskflow,11385,1332,C++,20,106.0,slow,12800,True,2025-11-16T18:06:59.782008,616,0,1360,6066,0.0,14.7,181201,891,719,4.0,1.0,1.0,OK
adnanh,webhook,adnanh/webhook,11359,860,Go,32,52.0,slow,6000,True,2025-11-16T18:05:26.023225,0,0,38,451,0.0,1.6,3835,608,733,1.0,1.0,1.0,OK
doctrine,inflector,doctrine/inflector,11345,138,PHP,23,201.0,slow,9900,True,2025-11-16T18:05:24.408897,0,0,14,211,0.0,23.2,3496,261,51,1.0,1.0,1.0,OK
snowie2000,mactype,snowie2000/mactype,11328,445,C++,22,55.0,slow,1700,True,2025-11-16T18:05:29.106197,0,0,0,0,0.0,0.0,244,0,0,1.0,1.0,1.0,OK
jhy,jsoup,jhy/jsoup,11279,2267,Java,20,56.0,slow,13400,False,,,,,,,,,,,,,,
pallets,jinja,pallets/jinja,11273,1683,Python,21,74.0,slow,33400,True,2025-11-16T18:06:27.759241,96,0,204,1491,0.0,0.1,15654,2834,2233,5.0,1.0,1.0,OK
JamesNK,Newtonsoft.Json,JamesNK/Newtonsoft.Json,11206,3313,C#,66,61.0,slow,13600,True,2025-11-16T18:06:59.193803,0,0,0,0,0.0,0.0,32013,0,0,1.0,1.0,1.0,OK
devicons,devicon,devicons/devicon,11204,2412,CSS,23,63.0,slow,14500,True,2025-11-16T18:07:17.329254,16,0,52,219,0.0,0.0,4573,57,37,3.0,1.0,1.0,OK
statsmodels,statsmodels,statsmodels/statsmodels,11089,3303,Python,30,87.0,slow,46600,True,2025-11-16T18:08:36.874666,448,0,10155,49973,0.0,5.2,279801,28182,26356,5.0,1.0,1.0,ERROR
tweepy,tweepy,tweepy/tweepy,11060,4601,Python,33,68.0,slow,24800,True,2025-11-16T18:07:41.881679,1,0,121,1016,0.0,0.6,6182,1195,848,3.0,1.0,1.0,OK
dompdf,dompdf,dompdf/dompdf,10987,1820,PHP,39,73.0,slow,17200,True,2025-11-16T18:08:31.449362,403,0,1468,12042,0.0,5.5,30054,5679,6449,4.0,1.0,1.0,OK
epicmaxco,vuestic-admin,epicmaxco/vuestic-admin,10909,1795,Vue,22,57.0,slow,6900,True,2025-11-16T18:08:32.872729,5,0,42,121,0.0,9.9,9318,519,171,3.0,1.0,1.0,OK
cloudflare,quiche,cloudflare/quiche,10881,894,Rust,38,56.0,slow,12600,True,2025-11-16T18:08:54.218516,4,0,134,678,0.0,9.7,89615,10486,7151,3.0,1.0,1.0,OK
fdehau,tui-rs,fdehau/tui-rs,10873,484,Rust,26,65.5,slow,9600,True,2025-11-16T18:08:30.168557,0,0,15,90,0.0,27.7,17402,1405,861,1.0,1.0,1.0,OK
microsoft,STL,microsoft/STL,10872,1590,C++,22,89.0,slow,25200,True,2025-11-16T18:10:40.484408,0,0,255,942,0.0,2.8,1576,313,411,1.0,1.0,1.0,OK
kornia,kornia,kornia/kornia,10848,1070,Python,43,57.0,slow,30100,True,2025-11-16T18:10:31.607115,254,0,2046,7730,0.0,5.4,85152,11522,6852,5.0,1.0,1.0,OK
numba,numba,numba/numba,10727,1205,Python,23,71.0,slow,40600,True,2025-11-16T18:10:44.242064,313,0,6014,37510,0.0,2.8,205215,44812,38100,5.0,1.0,1.0,OK
mockery,mockery,mockery/mockery,10726,465,PHP,42,55.0,slow,24500,True,2025-11-16T18:10:30.351424,73,0,521,3378,0.0,0.1,20741,2241,817,3.0,1.0,1.0,OK
mathjax,MathJax,mathjax/MathJax,10678,1187,JavaScript,43,66.0,slow,3800,True,2025-11-16T18:10:07.911320,0,0,14,43,0.0,0.0,17,2,2,1.0,1.0,2.0,OK
owncast,owncast,owncast/owncast,10655,1148,TypeScript,21,72.0,slow,18200,True,2025-11-16T20:30:46.317340,2307,0,5837,24378,0.0,8.0,62858,7378,3962,E,A,A,OK
Automattic,node-canvas,Automattic/node-canvas,10592,1189,JavaScript,20,62.0,slow,18600,True,2025-11-16T18:11:40.806722,72,0,1541,6434,0.0,33.9,17012,2208,591,3.0,1.0,1.0,OK
phw,peek,phw/peek,10552,335,Vala,26,51.0,slow,16500,True,2025-11-16T18:11:28.524524,0,0,1,5,0.0,0.0,524,9,7,1.0,1.0,1.0,OK
knockout,knockout,knockout/knockout,10539,1504,JavaScript,22,117.0,slow,10200,True,2025-11-16T18:11:56.438895,24,0,3435,18396,0.0,17.2,23582,5349,3376,5.0,1.0,1.0,OK
nasa,fprime,nasa/fprime,10525,1444,C++,36,52.5,slow,22700,True,2025-11-16T18:12:24.039835,0,0,85,292,0.0,1.2,2268,208,169,1.0,1.0,1.0,OK
foliojs,pdfkit,foliojs/pdfkit,10483,1197,JavaScript,22,104.0,slow,10400,True,2025-11-16T20:30:46.322473,17,0,494,2575,0.0,13.7,101358,2224,1531,E,A,A,OK
Cyan4973,xxHash,Cyan4973/xxHash,10478,864,C,25,98.5,slow,11800,True,2025-11-16T20:30:46.343934,0,0,0,0,,,,,,A,A,A,OK
AlessandroZ,LaZagne,AlessandroZ/LaZagne,10475,2107,Python,22,112.0,slow,4700,False,,,,,,,,,,,,,,
esimov,caire,esimov/caire,10453,385,Go,23,77.0,slow,1400,True,2025-11-16T20:30:46.375075,1,0,47,849,0.0,6.0,4167,676,1120,C,A,A,OK
gui-cs,Terminal.Gui,gui-cs/Terminal.Gui,10445,729,C#,29,51.0,slow,11500,True,2025-11-16T20:30:46.404900,0,0,2,10,0.0,0.0,211,1,0,A,A,A,OK
resilience4j,resilience4j,resilience4j/resilience4j,10436,1429,Java,35,64.0,slow,24700,False,,,,,,,,,,,,,,
SpecterOps,BloodHound-Legacy,SpecterOps/BloodHound-Legacy,10418,1785,PowerShell,36,56.0,slow,7200,True,2025-11-16T20:30:46.424715,111,0,1894,11024,0.0,19.6,50421,6045,27009,D,A,A,OK
nodejs,node-gyp,nodejs/node-gyp,10405,1862,Python,28,53.0,slow,26800,True,2025-11-16T20:30:46.429761,12,0,1508,12201,0.0,1.9,30303,5942,7440,E,A,A,OK
jquery-validation,jquery-validation,jquery-validation/jquery-validation,10353,2754,JavaScript,27,174.0,slow,24200,True,2025-11-16T20:30:46.451755,54,0,1750,11510,0.0,4.7,22901,4238,25017,E,A,A,OK
benoitc,gunicorn,benoitc/gunicorn,10329,1809,Python,31,59.5,slow,43100,True,2025-11-16T20:30:46.457083,8,4,164,1470,0.0,5.8,10890,1746,1999,E,E,A,OK
reasonml,reason,reasonml/reason,10287,431,OCaml,32,71.0,slow,14200,True,2025-11-16T20:30:46.462262,7,5,765,4125,0.0,1.2,4583,708,802,D,D,A,OK
colmap,colmap,colmap/colmap,10274,1832,C++,31,78.0,slow,15400,True,2025-11-16T20:30:46.468135,0,0,116,582,0.0,2.9,4681,623,769,A,A,A,OK
rr-debugger,rr,rr-debugger/rr,10223,641,C++,22,132.0,slow,21300,True,2025-11-16T20:30:46.473498,4,1,264,1575,0.0,0.7,5381,476,566,C,B,A,OK
LuckyPennySoftware,AutoMapper,LuckyPennySoftware/AutoMapper,10192,2385,C#,47,82.0,slow,19500,True,2025-11-16T20:30:46.480058,0,0,0,0,0.0,0.0,45,0,0,A,A,A,OK
baldurk,renderdoc,baldurk/renderdoc,10165,1479,C++,60,62.0,slow,29900,False,,,,,,,,,,,,,,
vega,altair,vega/altair,10107,827,Python,36,61.5,slow,18200,True,2025-11-16T20:30:46.512674,89,0,2674,9207,0.0,17.4,56992,5217,3156,E,A,A,OK
tweenjs,tween.js,tweenjs/tween.js,10077,1424,TypeScript,31,111.0,slow,9000,True,2025-11-16T20:30:46.518790,15,0,879,9212,0.0,5.0,6583,944,869,C,A,A,OK
swiftlang,swift-package-manager,swiftlang/swift-package-manager,10034,1427,Swift,21,74.0,slow,47100,True,2025-11-16T20:30:46.544464,0,0,10,53,0.0,0.0,120,11,11,A,A,A,OK
EpistasisLab,tpot,EpistasisLab/tpot,10018,1579,Jupyter Notebook,32,58.0,slow,900,True,2025-11-16T20:30:46.550235,10,0,620,3754,0.0,3.3,10221,1754,2165,C,A,A,OK
Tencent,xLua,Tencent/xLua,9913,2500,C,22,87.0,slow,6600,True,2025-11-16T20:30:46.555491,2911,0,2504,12460,0.0,44.2,59019,65,0,C,A,A,OK
hackmdio,codimd,hackmdio/codimd,9872,1114,JavaScript,41,54.0,slow,19300,True,2025-11-16T20:30:46.561159,50,1,1678,8617,0.0,3.2,21424,4049,3421,E,E,A,OK
go-swagger,go-swagger,go-swagger/go-swagger,9872,1292,Go,57,52.0,slow,36100,True,2025-11-16T20:30:46.566666,5,0,1775,13300,0.0,33.5,127363,19278,16136,E,A,A,OK
google,benchmark,google/benchmark,9826,1712,C++,29,60.0,slow,34700,True,2025-11-16T20:30:46.591513,6,0,55,266,0.0,12.8,2430,304,241,C,A,A,OK
Syllo,nvtop,Syllo/nvtop,9784,345,C,21,64.0,slow,6300,True,2025-11-16T20:30:46.597281,0,0,3,15,,0.0,25,,,A,A,A,OK
OpenFeign,feign,OpenFeign/feign,9762,1948,Java,39,53.5,slow,31300,False,,,,,,,,,,,,,,
sindresorhus,pageres,sindresorhus/pageres,9742,734,TypeScript,40,57.0,slow,3400,True,2025-11-16T20:30:46.606947,6,0,34,157,0.0,0.0,648,109,50,C,A,A,OK
lib,pq,lib/pq,9698,936,Go,20,66.5,slow,14100,True,2025-11-16T20:30:46.612080,0,2,135,1408,0.0,1.3,12322,2737,2637,A,E,A,OK
jiaaro,pydub,jiaaro/pydub,9638,1125,Python,31,68.5,slow,9400,True,2025-11-16T20:30:46.617404,1,0,107,465,0.0,0.0,3220,720,664,C,A,A,OK
pwndbg,pwndbg,pwndbg/pwndbg,9605,1117,Python,23,131.5,slow,28900,True,2025-11-16T20:30:46.623163,9,3,1078,7853,0.0,1.8,98620,10757,11489,E,D,A,OK
pycaret,pycaret,pycaret/pycaret,9602,1847,Jupyter Notebook,29,54.0,slow,14100,True,2025-11-16T20:30:46.628300,53,1,774,5471,0.0,2.9,39084,4670,4995,E,C,A,OK
